N/100,pN,Z/100,pZ,BE/A(MeV),przewidywane_BE/A(MeV)
0.01,0,0,1,0,-0.00049
0,1,0.01,0,0,0.00037
0.01,0,0.01,0,1.11228,1.11605
0.02,1,0.01,0,2.82727,2.82082
0.01,0,0.02,1,2.57268,2.57322
0.03,0,0.01,0,1.72045,1.72519
0.02,1,0.02,1,7.07392,7.06863
0.01,0,0.03,0,1.15376,1.1496
0.04,1,0.01,0,1.33636,1.34426
0.03,0,0.02,1,5.51213,5.51121
0.02,1,0.03,0,5.26613,5.26171
0.05,0,0.01,0,0.96164,0.95288
0.04,1,0.02,1,4.87852,4.8897
0.03,0,0.03,0,5.33233,5.33204
0.02,1,0.04,1,4.48725,4.49158
0.05,0,0.02,1,4.12306,4.12168
0.04,1,0.03,0,5.60644,5.60319
0.03,0,0.04,1,5.37155,5.37386
0.02,1,0.05,0,3.55871,3.56254
0.06,1,0.02,1,3.92452,3.91468
0.05,0,0.03,0,5.15971,5.16619
0.04,1,0.04,1,7.06244,7.05386
0.03,0,0.05,0,4.71715,4.71814
0.02,1,0.06,1,3.10152,3.10169
0.07,0,0.02,1,3.34904,3.35477
0.06,1,0.03,0,5.03777,5.02719
0.05,0,0.04,1,6.46267,6.4637
0.04,1,0.05,0,6.25707,6.24716
0.03,0,0.06,1,4.33742,4.33169
0.08,1,0.02,1,2.99513,2.99804
0.07,0,0.03,0,4.53135,4.51421
0.06,1,0.04,1,6.49763,6.50519
0.05,0,0.05,0,6.47508,6.49407
0.04,1,0.06,1,6.03204,6.03602
0.03,0,0.07,0,3.64367,3.64749
0.08,1,0.03,0,4.15538,4.17217
0.07,0,0.04,1,5.95254,5.94182
0.06,1,0.05,0,6.92773,6.93712
0.05,0,0.06,1,6.67646,6.67511
0.04,1,0.07,0,5.36405,5.35562
0.09,0,0.03,0,3.7916,3.80199
0.08,1,0.04,1,5.72072,5.71929
0.07,0,0.05,0,6.63122,6.61351
0.06,1,0.06,1,7.68014,7.69334
0.05,0,0.07,0,6.17011,6.16448
0.04,1,0.08,1,4.8902,4.88713
0.1,1,0.03,0,3.50763,3.49997
0.09,0,0.04,1,5.24144,5.23001
0.08,1,0.05,0,6.49642,6.49403
0.07,0,0.06,1,7.46985,7.48503
0.06,1,0.07,0,7.23886,7.25996
0.05,0,0.08,1,5.81176,5.81252
0.1,1,0.04,1,4.9939,4.99698
0.09,0,0.05,0,6.10164,6.12214
0.08,1,0.06,1,7.52032,7.51386
0.07,0,0.07,0,7.47561,7.43855
0.06,1,0.08,1,7.05228,7.04071
0.05,0,0.09,0,5.28521,5.29226
0.11,0,0.04,1,4.54097,4.53851
0.1,1,0.05,0,5.87998,5.87482
0.09,0,0.06,1,7.10017,7.09741
0.08,1,0.07,0,7.69946,7.66258
0.07,0,0.08,1,7.46369,7.42153
0.06,1,0.09,0,6.49746,6.50027
0.05,0,0.1,1,4.86873,4.87022
0.12,1,0.04,1,4.28528,4.27845
0.11,0,0.05,0,5.5073,5.5111
0.1,1,0.06,1,6.92205,6.93801
0.09,0,0.07,0,7.3738,7.39433
0.08,1,0.08,1,7.97621,7.95747
0.07,0,0.09,0,6.96373,6.95756
0.06,1,0.1,1,6.08318,6.08617
0.12,1,0.05,0,5.26967,5.2483
0.11,0,0.06,1,6.55802,6.59983
0.1,1,0.07,0,7.28623,7.31306
0.09,0,0.08,1,7.75073,7.75391
0.08,1,0.09,0,7.54233,7.57311
0.07,0,0.1,1,6.6405,6.67422
0.06,1,0.11,0,5.49608,5.49804
0.13,0,0.05,0,4.97663,4.96592
0.12,1,0.06,1,6.42613,6.40631
0.11,0,0.07,0,7.03856,7.04533
0.1,1,0.08,1,7.7671,7.78269
0.09,0,0.09,0,7.63164,7.66345
0.08,1,0.1,1,7.34126,7.3695
0.07,0,0.11,0,6.20222,6.19348
0.14,1,0.05,0,4.71963,4.73916
0.13,0,0.06,1,6.11827,6.14373
0.12,1,0.07,0,6.94854,6.95284
0.11,0,0.08,1,7.56649,7.52167
0.1,1,0.09,0,7.77902,7.81846
0.09,0,0.1,1,7.56734,7.60997
0.08,1,0.11,0,6.93788,6.91557
0.07,0,0.12,1,5.90203,5.89138
0.14,1,0.06,1,5.96143,5.94027
0.13,0,0.07,0,6.70917,6.72926
0.12,1,0.08,1,7.56857,7.54076
0.11,0,0.09,0,7.72013,7.69244
0.1,1,0.1,1,8.03224,8.00732
0.09,0,0.11,0,7.2985,7.27881
0.08,1,0.12,1,6.72802,6.71473
0.14,1,0.07,0,6.60901,6.6341
0.13,0,0.08,1,7.38937,7.37795
0.12,1,0.09,0,7.73829,7.72014
0.11,0,0.1,1,7.97171,7.96758
0.1,1,0.11,0,7.76555,7.75
0.09,0,0.12,1,7.10503,7.083
0.16,1,0.06,1,5.42108,5.45364
0.15,0,0.07,0,6.37853,6.37891
0.14,1,0.08,1,7.36487,7.35982
0.13,0,0.09,0,7.6243,7.61644
0.12,1,0.1,1,8.08047,8.07106
0.11,0,0.11,0,7.91567,7.89405
0.1,1,0.12,1,7.66276,7.65619
0.16,1,0.07,0,6.23667,6.20875
0.15,0,0.08,1,7.16349,7.13262
0.14,1,0.09,0,7.62234,7.61034
0.13,0,0.1,1,7.95526,7.97206
0.12,1,0.11,0,8.11149,8.10421
0.11,0,0.12,1,7.90111,7.89737
0.1,1,0.13,0,7.33573,7.35319
0.16,1,0.08,1,7.03968,7.0117
0.15,0,0.09,0,7.46358,7.41954
0.14,1,0.1,1,7.99333,8.01097
0.13,0,0.11,0,8.06349,8.08607
0.12,1,0.12,1,8.26071,8.253
0.11,0,0.13,0,7.64958,7.66447
0.1,1,0.14,1,7.16723,7.17746
0.17,0,0.08,1,6.72781,6.69616
0.16,1,0.09,0,7.33631,7.32338
0.15,0,0.1,1,7.8398,7.84127
0.14,1,0.11,0,8.1014,8.12669
0.13,0,0.12,1,8.2235,8.2746
0.12,1,0.13,0,8.02114,8.03831
0.11,0,0.14,1,7.48011,7.49553
0.18,1,0.08,1,6.49748,6.4914
0.17,0,0.09,0,7.08324,7.05483
0.16,1,0.1,1,7.75191,7.79552
0.15,0,0.11,0,8.0042,8.02187
0.14,1,0.12,1,8.33387,8.38214
0.13,0,0.13,0,8.14977,8.17259
0.12,1,0.14,1,7.92471,7.96321
0.18,1,0.09,0,6.86793,6.89961
0.17,0,0.1,1,7.52041,7.54947
0.16,1,0.11,0,7.95695,7.9669
0.15,0,0.12,1,8.26385,8.27358
0.14,1,0.13,0,8.33155,8.34164
0.13,0,0.14,1,8.12434,8.14445
0.12,1,0.15,0,7.66344,7.68122
0.19,0,0.09,0,6.61479,6.62825
0.18,1,0.1,1,7.38835,7.45202
0.17,0,0.11,0,7.79926,7.80018
0.16,1,0.12,1,8.27241,8.26573
0.15,0,0.13,0,8.30989,8.32337
0.14,1,0.14,1,8.44774,8.41351
0.13,0,0.15,0,7.90748,7.92768
0.12,1,0.16,1,7.47879,7.47305
0.2,1,0.09,0,6.44403,6.44353
0.19,0,0.1,1,7.16707,7.18516
0.18,1,0.11,0,7.68215,7.70048
0.17,0,0.12,1,8.1132,8.1086
0.16,1,0.13,0,8.34846,8.34469
0.15,0,0.14,1,8.44864,8.42235
0.14,1,0.15,0,8.25124,8.20137
0.13,0,0.16,1,7.74852,7.75533
0.12,1,0.17,0,7.15883,7.16329
0.2,1,0.1,1,7.03453,7.05183
0.19,0,0.11,0,7.50197,7.50905
0.18,1,0.12,1,8.05451,8.05142
0.17,0,0.13,0,8.26113,8.25408
0.16,1,0.14,1,8.52065,8.51597
0.15,0,0.15,0,8.35351,8.31328
0.14,1,0.16,1,8.12271,8.11524
0.12,1,0.18,1,6.9042,6.92238
0.21,0,0.1,1,6.81309,6.81011
0.2,1,0.11,0,7.39868,7.38787
0.19,0,0.12,1,7.86919,7.87238
0.18,1,0.13,0,8.22552,8.21287
0.17,0,0.14,1,8.45829,8.42815
0.16,1,0.15,0,8.48117,8.44427
0.15,0,0.16,1,8.2818,8.25459
0.14,1,0.17,0,7.86921,7.847
0.21,0,0.11,0,7.21988,7.19476
0.2,1,0.12,1,7.80384,7.79331
0.19,0,0.13,0,8.10034,8.0888
0.18,1,0.14,1,8.48147,8.4377
0.17,0,0.15,0,8.46412,8.44077
0.16,1,0.16,1,8.49313,8.46937
0.15,0,0.17,0,8.0724,8.05739
0.14,1,0.18,1,7.70001,7.66096
0.22,1,0.11,0,7.08993,7.05561
0.21,0,0.12,1,7.63646,7.60857
0.2,1,0.13,0,8.02062,8.02278
0.19,0,0.14,1,8.36106,8.31951
0.18,1,0.15,0,8.51381,8.47332
0.17,0,0.16,1,8.49763,8.48542
0.16,1,0.17,0,8.30476,8.2798
0.15,0,0.18,1,7.92896,7.89813
0.23,0,0.11,0,6.88644,6.88428
0.22,1,0.12,1,7.55039,7.51489
0.21,0,0.13,0,7.86043,7.88217
0.2,1,0.14,1,8.33614,8.29255
0.19,0,0.15,0,8.44818,8.41119
0.18,1,0.16,1,8.5835,8.58256
0.17,0,0.17,0,8.39897,8.38616
0.16,1,0.18,1,8.19767,8.19213
0.23,0,0.12,1,7.35623,7.33678
0.22,1,0.13,0,7.78712,7.8035
0.21,0,0.14,1,8.16956,8.16059
0.2,1,0.15,0,8.44625,8.39969
0.19,0,0.16,1,8.53785,8.52606
0.18,1,0.17,0,8.52028,8.50284
0.17,0,0.18,1,8.32746,8.31222
0.16,1,0.19,0,7.96584,7.94515
0.24,1,0.12,1,7.24442,7.22292
0.23,0,0.13,0,7.62352,7.65336
0.22,1,0.14,1,8.11252,8.11286
0.21,0,0.15,0,8.30787,8.30663
0.2,1,0.16,1,8.57539,8.56065
0.19,0,0.17,0,8.52193,8.51669
0.18,1,0.18,1,8.51991,8.50132
0.17,0,0.19,0,8.14222,8.13701
0.16,1,0.2,1,7.81588,7.79178
0.25,0,0.12,1,7.05511,7.06481
0.24,1,0.13,0,7.53131,7.55743
0.23,0,0.14,1,7.9529,7.97245
0.22,1,0.15,0,8.26756,8.27255
0.21,0,0.16,1,8.45994,8.47418
0.2,1,0.17,0,8.57028,8.5606
0.19,0,0.18,1,8.52714,8.52801
0.18,1,0.19,0,8.33985,8.33488
0.17,0,0.2,1,8.00346,7.98864
0.25,0,0.13,0,7.3771,7.40236
0.24,1,0.14,1,7.89283,7.90777
0.23,0,0.15,0,8.14727,8.15924
0.22,1,0.16,1,8.44878,8.47554
0.21,0,0.17,0,8.50548,8.52222
0.2,1,0.18,1,8.61428,8.62805
0.19,0,0.19,0,8.43806,8.43908
0.18,1,0.2,1,8.24004,8.24748
0.25,0,0.14,1,7.73098,7.76173
0.24,1,0.15,0,8.09797,8.1099
0.23,0,0.16,1,8.34427,8.37213
0.22,1,0.17,0,8.4944,8.5296
0.21,0,0.18,1,8.5626,8.59467
0.2,1,0.19,0,8.55702,8.54807
0.19,0,0.2,1,8.36967,8.35718
0.18,1,0.21,0,8.01346,8.02116
0.26,1,0.14,1,7.66175,7.67519
0.25,0,0.15,0,7.9808,7.98413
0.24,1,0.16,1,8.32932,8.34932
0.23,0,0.17,0,8.42776,8.46048
0.22,1,0.18,1,8.59526,8.64247
0.21,0,0.19,0,8.53809,8.57327
0.2,1,0.2,1,8.5513,8.5312
0.19,0,0.21,0,8.17367,8.20043
0.18,1,0.22,1,7.86229,7.88862
0.27,0,0.14,1,7.50857,7.52852
0.26,1,0.15,0,7.90655,7.91694
0.25,0,0.16,1,8.22964,8.23408
0.24,1,0.17,0,8.41296,8.44495
0.23,0,0.18,1,8.53437,8.57903
0.22,1,0.19,0,8.57607,8.6221
0.21,0,0.2,1,8.54671,8.56432
0.2,1,0.21,0,8.3692,8.38242
0.19,0,0.22,1,8.03439,8.0577
0.27,0,0.15,0,7.76787,7.78217
0.26,1,0.16,1,8.19323,8.18992
0.25,0,0.17,0,8.34589,8.35344
0.24,1,0.18,1,8.55561,8.59533
0.23,0,0.19,0,8.55126,8.60047
0.22,1,0.2,1,8.61656,8.663
0.21,0,0.21,0,8.44493,8.4825
0.2,1,0.22,1,8.25925,8.29582
0.28,1,0.15,0,7.68957,7.68732
0.27,0,0.16,1,8.06383,8.06797
0.26,1,0.17,0,8.32387,8.31993
0.25,0,0.18,1,8.48824,8.51356
0.24,1,0.19,0,8.57622,8.61675
0.23,0,0.2,1,8.60066,8.64397
0.22,1,0.21,0,8.53082,8.58447
0.21,0,0.22,1,8.35293,8.39731
0.2,1,0.23,0,8.06951,8.08721
0.28,1,0.16,1,7.99602,7.999
0.27,0,0.17,0,8.23233,8.21397
0.26,1,0.18,1,8.49384,8.505
0.25,0,0.19,0,8.5467,8.56664
0.24,1,0.2,1,8.65818,8.69621
0.23,0,0.21,0,8.55738,8.61532
0.22,1,0.22,1,8.53352,8.5591
0.21,0,0.23,0,8.21046,8.25423
0.29,0,0.16,1,7.88181,7.87308
0.28,1,0.17,0,8.1816,8.16397
0.27,0,0.18,1,8.41995,8.40986
0.26,1,0.19,0,8.55467,8.56097
0.25,0,0.2,1,8.63054,8.64898
0.24,1,0.21,0,8.61893,8.66485
0.23,0,0.22,1,8.55572,8.59426
0.22,1,0.23,0,8.38003,8.42222
0.21,0,0.24,1,8.08773,8.11518
0.29,0,0.17,0,8.08348,8.05104
0.28,1,0.18,1,8.41242,8.37922
0.27,0,0.19,0,8.51804,8.48926
0.26,1,0.2,1,8.66898,8.672
0.25,0,0.21,0,8.62201,8.65432
0.24,1,0.22,1,8.65645,8.68896
0.23,0,0.23,0,8.48613,8.51582
0.22,1,0.24,1,8.30382,8.33737
0.29,0,0.18,1,8.3114,8.2769
0.28,1,0.19,0,8.51488,8.46518
0.27,0,0.2,1,8.63935,8.60748
0.26,1,0.21,0,8.66509,8.67452
0.25,0,0.22,1,8.66123,8.67827
0.24,1,0.23,0,8.58222,8.61073
0.23,0,0.24,1,8.4072,8.43028
0.22,1,0.25,0,8.13531,8.143
0.3,1,0.18,1,8.24213,8.22463
0.29,0,0.19,0,8.43423,8.37733
0.28,1,0.2,1,8.66669,8.60728
0.27,0,0.21,0,8.6562,8.63892
0.26,1,0.22,1,8.72301,8.73114
0.25,0,0.23,0,8.62306,8.64359
0.24,1,0.24,1,8.57227,8.58056
0.23,0,0.25,0,8.27419,8.29619
0.3,1,0.19,0,8.37227,8.33756
0.29,0,0.2,1,8.59484,8.52955
0.28,1,0.21,0,8.68626,8.63918
0.27,0,0.22,1,8.71116,8.6951
0.26,1,0.23,0,8.68291,8.69216
0.25,0,0.24,1,8.61329,8.61495
0.24,1,0.25,0,8.43993,8.45056
0.23,0,0.26,1,8.16131,8.16099
0.31,0,0.19,0,8.28858,8.24174
0.3,1,0.2,1,8.55016,8.50836
0.29,0,0.21,0,8.63368,8.58443
0.28,1,0.22,1,8.75572,8.72153
0.27,0,0.23,0,8.69592,8.68888
0.26,1,0.24,1,8.70103,8.70494
0.25,0,0.25,0,8.5327,8.53643
0.24,1,0.26,1,8.35403,8.36805
0.32,1,0.19,0,8.22135,8.1864
0.31,0,0.2,1,8.47691,8.42179
0.3,1,0.21,0,8.5968,8.56752
0.29,0,0.22,1,8.70899,8.67026
0.28,1,0.23,0,8.7421,8.71116
0.27,0,0.24,1,8.712,8.69915
0.26,1,0.25,0,8.63377,8.62488
0.25,0,0.26,1,8.46076,8.45157
0.24,1,0.27,0,8.19325,8.18451
0.33,0,0.19,0,8.11503,8.08862
0.32,1,0.2,1,8.42938,8.38186
0.31,0,0.21,0,8.53312,8.49646
0.3,1,0.22,1,8.69167,8.67598
0.29,0,0.23,0,8.71458,8.68625
0.28,1,0.24,1,8.77599,8.75166
0.27,0,0.25,0,8.67033,8.658
0.26,1,0.26,1,8.60957,8.59111
0.25,0,0.27,0,8.32589,8.32239
0.34,1,0.19,0,8.02285,8.00972
0.33,0,0.2,1,8.33058,8.29346
0.32,1,0.21,0,8.49542,8.46424
0.31,0,0.22,1,8.63017,8.61283
0.3,1,0.23,0,8.71013,8.69085
0.29,0,0.24,1,8.7602,8.72346
0.28,1,0.25,0,8.73417,8.70552
0.27,0,0.26,1,8.6488,8.62353
0.26,1,0.27,0,8.47766,8.46401
0.25,0,0.28,1,8.21707,8.19145
0.34,1,0.2,1,8.2475,8.2341
0.33,0,0.21,0,8.39468,8.38233
0.32,1,0.22,1,8.59743,8.59941
0.31,0,0.23,0,8.66204,8.64969
0.3,1,0.24,1,8.77796,8.75232
0.29,0,0.25,0,8.73796,8.70719
0.28,1,0.26,1,8.73638,8.7094
0.27,0,0.27,0,8.56922,8.54211
0.26,1,0.28,1,8.39303,8.38344
0.34,1,0.21,0,8.32096,8.33739
0.33,0,0.22,1,8.51598,8.52645
0.32,1,0.23,0,8.63769,8.63907
0.31,0,0.24,1,8.73192,8.71094
0.3,1,0.25,0,8.76502,8.73118
0.29,0,0.26,1,8.7466,8.70692
0.28,1,0.27,0,8.66962,8.62541
0.27,0,0.28,1,8.49732,8.45729
0.26,1,0.29,0,8.234,8.20799
0.35,0,0.21,0,8.22173,8.25263
0.34,1,0.22,1,8.46611,8.49555
0.33,0,0.23,0,8.57419,8.58296
0.32,1,0.24,1,8.72326,8.72162
0.31,0,0.25,0,8.73833,8.71412
0.3,1,0.26,1,8.79035,8.75935
0.29,0,0.27,0,8.69484,8.65839
0.28,1,0.28,1,8.64278,8.58747
0.27,0,0.29,0,8.35623,8.32995
0.36,1,0.21,0,8.15143,8.1938
0.35,0,0.22,1,8.36437,8.41774
0.34,1,0.23,0,8.53482,8.55784
0.33,0,0.24,1,8.66339,8.67013
0.32,1,0.25,0,8.73671,8.72248
0.31,0,0.26,1,8.77028,8.73703
0.3,1,0.27,0,8.74188,8.70561
0.29,0,0.28,1,8.67093,8.61796
0.28,1,0.29,0,8.50326,8.4606
0.35,0,0.23,0,8.45766,8.48898
0.34,1,0.24,1,8.644,8.6638
0.33,0,0.25,0,8.69664,8.69176
0.32,1,0.26,1,8.79225,8.76827
0.31,0,0.27,0,8.73897,8.71111
0.3,1,0.28,1,8.73206,8.70098
0.29,0,0.29,0,8.57097,8.53166
0.28,1,0.3,1,8.39594,8.38088
0.36,1,0.23,0,8.40755,8.45133
0.35,0,0.24,1,8.56809,8.60285
0.34,1,0.25,0,8.68092,8.68687
0.33,0,0.26,1,8.75477,8.73438
0.32,1,0.27,0,8.76803,8.73714
0.31,0,0.28,1,8.73659,8.70148
0.3,1,0.29,0,8.642,8.61159
0.29,0,0.3,1,8.47378,8.44541
0.37,0,0.23,0,8.32545,8.37593
0.36,1,0.24,1,8.53621,8.57998
0.35,0,0.25,0,8.62814,8.6433
0.34,1,0.26,1,8.75585,8.74958
0.33,0,0.27,0,8.74677,8.72606
0.32,1,0.28,1,8.78077,8.75464
0.31,0,0.29,0,8.6656,8.64476
0.3,1,0.3,1,8.58305,8.5681
0.38,1,0.23,0,8.27644,8.32825
0.37,0,0.24,1,8.45982,8.51167
0.36,1,0.25,0,8.59892,8.62523
0.35,0,0.26,1,8.70377,8.70715
0.34,1,0.27,0,8.75615,8.73807
0.33,0,0.28,1,8.76503,8.73734
0.32,1,0.29,0,8.71551,8.69285
0.31,0,0.3,1,8.61031,8.59728
0.3,1,0.31,0,8.44643,8.44035
0.38,1,0.24,1,8.42807,8.47441
0.37,0,0.25,0,8.5385,8.56891
0.36,1,0.26,1,8.69288,8.70739
0.35,0,0.27,0,8.72133,8.71524
0.34,1,0.28,1,8.79455,8.77126
0.33,0,0.29,0,8.71808,8.70188
0.32,1,0.3,1,8.67934,8.67896
0.31,0,0.31,0,8.51864,8.50523
0.39,0,0.24,1,8.34483,8.4046
0.38,1,0.25,0,8.5051,8.53816
0.37,0,0.26,1,8.63155,8.65666
0.36,1,0.27,0,8.7178,8.71563
0.35,0,0.28,1,8.76349,8.74338
0.34,1,0.29,0,8.75214,8.7306
0.33,0,0.3,1,8.68629,8.68279
0.32,1,0.31,0,8.58393,8.58371
0.31,0,0.32,1,8.41872,8.41653
0.4,1,0.24,1,8.30106,8.35546
0.39,0,0.25,0,8.43742,8.47202
0.38,1,0.26,1,8.61239,8.64163
0.37,0,0.27,0,8.67552,8.68203
0.36,1,0.28,1,8.77746,8.76286
0.35,0,0.29,0,8.73907,8.72448
0.34,1,0.3,1,8.7359,8.73767
0.33,0,0.31,0,8.61163,8.61761
0.32,1,0.32,1,8.52882,8.53362
0.4,1,0.25,0,8.40068,8.43113
0.39,0,0.26,1,8.54635,8.58274
0.38,1,0.27,0,8.65688,8.67074
0.37,0,0.28,1,8.73624,8.7275
0.36,1,0.29,0,8.7571,8.74026
0.35,0,0.3,1,8.72427,8.72529
0.34,1,0.31,0,8.66216,8.66784
0.33,0,0.32,1,8.55506,8.5621
0.32,1,0.33,0,8.39623,8.40563
0.41,0,0.25,0,8.3318,8.36216
0.4,1,0.26,1,8.52172,8.55312
0.39,0,0.27,0,8.60594,8.6257
0.38,1,0.28,1,8.73951,8.73375
0.37,0,0.29,0,8.73147,8.72355
0.36,1,0.3,1,8.75963,8.76232
0.35,0,0.31,0,8.66936,8.68057
0.34,1,0.32,1,8.62544,8.64381
0.33,0,0.33,0,8.4684,8.46484
0.41,0,0.26,1,8.44847,8.48905
0.4,1,0.27,0,8.58174,8.6022
0.39,0,0.28,1,8.69575,8.69135
0.38,1,0.29,0,8.73746,8.72887
0.37,0,0.3,1,8.73415,8.73979
0.36,1,0.31,0,8.70753,8.71274
0.35,0,0.32,1,8.63286,8.6515
0.34,1,0.33,0,8.53057,8.54352
0.33,0,0.34,1,8.36953,8.37441
0.42,1,0.26,1,8.4117,8.44777
0.41,0,0.27,0,8.52437,8.54606
0.4,1,0.28,1,8.68247,8.68384
0.39,0,0.29,0,8.70189,8.70295
0.38,1,0.3,1,8.75568,8.76343
0.37,0,0.31,0,8.70122,8.7112
0.36,1,0.32,1,8.68814,8.70897
0.35,0,0.33,0,8.55774,8.57843
0.34,1,0.34,1,8.47705,8.48725
0.42,1,0.27,0,8.49387,8.51137
0.41,0,0.28,1,8.6231,8.6338
0.4,1,0.29,0,8.6952,8.69794
0.39,0,0.3,1,8.72273,8.73386
0.38,1,0.31,0,8.72458,8.73104
0.37,0,0.32,1,8.68096,8.7019
0.36,1,0.33,0,8.61182,8.63194
0.35,0,0.34,1,8.50371,8.5153
0.34,1,0.35,0,8.3449,8.36145
0.42,1,0.28,1,8.60429,8.61204
0.41,0,0.29,0,8.64686,8.66228
0.4,1,0.3,1,8.72981,8.74554
0.39,0,0.31,0,8.70928,8.71936
0.38,1,0.32,1,8.7217,8.74244
0.37,0,0.33,0,8.62167,8.64861
0.36,1,0.34,1,8.57603,8.59783
0.35,0,0.35,0,8.4148,8.41504
0.44,1,0.27,0,8.39873,8.40549
0.43,0,0.28,1,8.54316,8.55493
0.42,1,0.29,0,8.63502,8.64605
0.41,0,0.3,1,8.68904,8.70983
0.4,1,0.31,0,8.7176,8.72941
0.39,0,0.32,1,8.70331,8.72524
0.38,1,0.33,0,8.66393,8.68497
0.37,0,0.34,1,8.58606,8.60972
0.36,1,0.35,0,8.48146,8.49493
0.35,0,0.36,1,8.32713,8.32635
0.44,1,0.28,1,8.52021,8.52035
0.43,0,0.29,0,8.58652,8.59979
0.42,1,0.3,1,8.6918,8.7092
0.41,0,0.31,0,8.68709,8.70939
0.4,1,0.32,1,8.73174,8.75292
0.39,0,0.33,0,8.66038,8.68802
0.38,1,0.34,1,8.64449,8.67026
0.37,0,0.35,0,8.51131,8.53063
0.36,1,0.36,1,8.42932,8.43526
0.45,0,0.28,1,8.45765,8.46032
0.44,1,0.29,0,8.56857,8.57197
0.43,0,0.3,1,8.64834,8.66683
0.42,1,0.31,0,8.69387,8.71012
0.41,0,0.32,1,8.70505,8.72856
0.4,1,0.33,0,8.68961,8.71222
0.39,0,0.34,1,8.64156,8.669
0.38,1,0.35,0,8.5681,8.58804
0.37,0,0.36,1,8.46018,8.46292
0.45,0,0.29,0,8.52156,8.51636
0.44,1,0.3,1,8.64275,8.6529
0.43,0,0.31,0,8.66317,8.68178
0.42,1,0.32,1,8.7252,8.74507
0.41,0,0.33,0,8.68,8.70509
0.4,1,0.34,1,8.68771,8.71321
0.39,0,0.35,0,8.58356,8.6087
0.38,1,0.36,1,8.53304,8.54607
0.37,0,0.37,0,8.38171,8.3635
0.46,1,0.29,0,8.49509,8.47874
0.45,0,0.3,1,8.5925,8.60326
0.44,1,0.31,0,8.66081,8.6724
0.43,0,0.32,1,8.69561,8.71487
0.42,1,0.33,0,8.70087,8.71973
0.41,0,0.34,1,8.67891,8.70173
0.4,1,0.35,0,8.62765,8.64967
0.39,0,0.36,1,8.55344,8.56216
0.38,1,0.37,0,8.44827,8.44458
0.37,0,0.38,1,8.29651,8.28289
0.47,0,0.29,0,8.44353,8.41915
0.46,1,0.3,1,8.58227,8.57599
0.45,0,0.31,0,8.62453,8.63476
0.44,1,0.32,1,8.70524,8.72023
0.43,0,0.33,0,8.68282,8.70445
0.42,1,0.34,1,8.71148,8.73323
0.41,0,0.35,0,8.63588,8.65748
0.4,1,0.36,1,8.60881,8.62545
0.39,0,0.37,0,8.48621,8.48052
0.38,1,0.38,1,8.39393,8.38706
0.47,0,0.3,1,8.53,8.52055
0.46,1,0.31,0,8.61339,8.61422
0.45,0,0.32,1,8.67103,8.68416
0.44,1,0.33,0,8.69598,8.71037
0.43,0,0.34,1,8.69469,8.71404
0.42,1,0.35,0,8.66681,8.68618
0.41,0,0.36,1,8.61684,8.63039
0.4,1,0.37,0,8.53734,8.54161
0.39,0,0.38,1,8.43592,8.41464
0.49,0,0.29,0,8.35093,8.31875
0.48,1,0.3,1,8.50738,8.48227
0.47,0,0.31,0,8.57713,8.56684
0.46,1,0.32,1,8.67166,8.67746
0.45,0,0.33,0,8.67387,8.68757
0.44,1,0.34,1,8.71781,8.73471
0.43,0,0.35,0,8.66196,8.68349
0.42,1,0.36,1,8.66124,8.67785
0.41,0,0.37,0,8.55835,8.56592
0.4,1,0.38,1,8.5001,8.49698
0.49,0,0.3,1,8.45058,8.42629
0.48,1,0.31,0,8.55606,8.53536
0.47,0,0.32,1,8.6345,8.63472
0.46,1,0.33,0,8.67662,8.68431
0.45,0,0.34,1,8.69559,8.70941
0.44,1,0.35,0,8.68759,8.70252
0.43,0,0.36,1,8.65711,8.67265
0.42,1,0.37,0,8.60114,8.61125
0.41,0,0.38,1,8.52382,8.51712
0.4,1,0.39,0,8.41697,8.40206
0.5,1,0.3,1,8.42354,8.38095
0.49,0,0.31,0,8.50845,8.48071
0.48,1,0.32,1,8.62757,8.61509
0.47,0,0.33,0,8.65128,8.65345
0.46,1,0.34,1,8.71081,8.71971
0.45,0,0.35,0,8.67765,8.69133
0.44,1,0.36,1,8.69293,8.7073
0.43,0,0.37,0,8.61168,8.62383
0.42,1,0.38,1,8.5786,8.58164
0.41,0,0.39,0,8.45428,8.43771
0.51,0,0.3,1,8.35192,8.33121
0.5,1,0.31,0,8.48336,8.44088
0.49,0,0.32,1,8.58066,8.56555
0.48,1,0.33,0,8.64806,8.63993
0.47,0,0.34,1,8.686,8.68877
0.46,1,0.35,0,8.69595,8.70184
0.45,0,0.36,1,8.68282,8.69365
0.44,1,0.37,0,8.64551,8.65668
0.43,0,0.38,1,8.58735,8.59282
0.42,1,0.39,0,8.5059,8.5011
0.41,0,0.4,1,8.39436,8.38216
0.52,1,0.3,1,8.30112,8.27948
0.51,0,0.31,0,8.42105,8.38535
0.5,1,0.32,1,8.56376,8.53368
0.49,0,0.33,0,8.61141,8.60006
0.48,1,0.34,1,8.6932,8.68814
0.47,0,0.35,0,8.68249,8.68323
0.46,1,0.36,1,8.71068,8.71749
0.45,0,0.37,0,8.64743,8.65848
0.44,1,0.38,1,8.63572,8.64209
0.43,0,0.39,0,8.52927,8.52835
0.42,1,0.4,1,8.46568,8.46115
0.52,1,0.31,0,8.37257,8.34055
0.51,0,0.32,1,8.50434,8.47997
0.5,1,0.33,0,8.59965,8.57551
0.49,0,0.34,1,8.65856,8.65111
0.48,1,0.35,0,8.69338,8.68521
0.47,0,0.36,1,8.69573,8.69693
0.46,1,0.37,0,8.67522,8.68132
0.45,0,0.38,1,8.63841,8.64351
0.44,1,0.39,0,8.57366,8.57671
0.43,0,0.4,1,8.4884,8.48505
0.42,1,0.41,0,8.3783,8.37728
0.52,1,0.32,1,8.46552,8.43911
0.51,0,0.33,0,8.54794,8.52706
0.5,1,0.34,1,8.65879,8.63857
0.49,0,0.35,0,8.67133,8.6592
0.48,1,0.36,1,8.71745,8.71083
0.47,0,0.37,0,8.67622,8.67387
0.46,1,0.38,1,8.67751,8.67989
0.45,0,0.39,0,8.58778,8.59356
0.44,1,0.4,1,8.54903,8.54803
0.43,0,0.41,0,8.41825,8.41204
0.53,0,0.32,1,8.40177,8.38743
0.52,1,0.33,0,8.51098,8.49249
0.51,0,0.34,1,8.6103,8.59477
0.5,1,0.35,0,8.67359,8.65184
0.49,0,0.36,1,8.69856,8.68423
0.48,1,0.37,0,8.69744,8.68813
0.47,0,0.38,1,8.67572,8.67208
0.46,1,0.39,0,8.62815,8.62934
0.45,0,0.4,1,8.56404,8.5648
0.44,1,0.41,0,8.47371,8.47537
0.43,0,0.42,1,8.36133,8.37155
0.54,1,0.32,1,8.35463,8.34145
0.53,0,0.33,0,8.45672,8.43937
0.52,1,0.34,1,8.58182,8.56997
0.51,0,0.35,0,8.63237,8.61771
0.5,1,0.36,1,8.71203,8.68809
0.49,0,0.37,0,8.6969,8.67271
0.48,1,0.38,1,8.70846,8.69752
0.47,0,0.39,0,8.63843,8.63523
0.46,1,0.4,1,8.61405,8.61326
0.45,0,0.41,0,8.50222,8.50403
0.44,1,0.42,1,8.43471,8.44446
0.54,1,0.33,0,8.41385,8.39809
0.53,0,0.34,1,8.52909,8.52016
0.52,1,0.35,0,8.60591,8.59998
0.51,0,0.36,1,8.67528,8.65541
0.5,1,0.37,0,8.71098,8.67879
0.49,0,0.38,1,8.70524,8.68164
0.48,1,0.39,0,8.67484,8.66066
0.47,0,0.4,1,8.62365,8.62063
0.46,1,0.41,0,8.55176,8.55306
0.45,0,0.42,1,8.46242,8.47049
0.44,1,0.43,0,8.34774,8.37148
0.54,1,0.34,1,8.495,8.48478
0.53,0,0.35,0,8.56375,8.55729
0.52,1,0.36,1,8.65685,8.64853
0.51,0,0.37,0,8.68112,8.6559
0.5,1,0.38,1,8.7326,8.69735
0.49,0,0.39,0,8.68254,8.65636
0.48,1,0.4,1,8.66603,8.65633
0.47,0,0.41,0,8.57242,8.57237
0.46,1,0.42,1,8.52391,8.52881
0.45,0,0.43,0,8.38996,8.4031
0.55,0,0.34,1,8.43528,8.43307
0.54,1,0.35,0,8.53078,8.52908
0.53,0,0.36,1,8.61481,8.60922
0.52,1,0.37,0,8.66419,8.6534
0.51,0,0.38,1,8.70592,8.67437
0.5,1,0.39,0,8.71398,8.67303
0.49,0,0.4,1,8.67336,8.65368
0.48,1,0.41,0,8.61681,8.60893
0.47,0,0.42,1,8.54498,8.54855
0.46,1,0.43,0,8.45057,8.464
0.56,1,0.34,1,8.39577,8.39102
0.55,0,0.35,0,8.47819,8.47965
0.54,1,0.36,1,8.59126,8.59099
0.53,0,0.37,0,8.63151,8.62275
0.52,1,0.38,1,8.69597,8.68073
0.51,0,0.39,0,8.69335,8.6597
0.5,1,0.4,1,8.70997,8.67849
0.49,0,0.41,0,8.63338,8.6171
0.48,1,0.42,1,8.59703,8.59322
0.47,0,0.43,0,8.48336,8.49053
0.46,1,0.44,1,8.40977,8.43503
0.57,0,0.34,1,8.33484,8.34418
0.56,1,0.35,0,8.44192,8.44297
0.55,0,0.36,1,8.54175,8.54505
0.54,1,0.37,0,8.60756,8.61084
0.53,0,0.38,1,8.66387,8.65102
0.52,1,0.39,0,8.68494,8.66839
0.51,0,0.4,1,8.69331,8.6664
0.5,1,0.41,0,8.6709,8.6432
0.49,0,0.42,1,8.61363,8.60364
0.48,1,0.43,0,8.53666,8.53781
0.47,0,0.44,1,8.44293,8.45923
0.57,0,0.35,0,8.38491,8.3923
0.56,1,0.36,1,8.51267,8.51603
0.55,0,0.37,0,8.56942,8.572
0.54,1,0.38,1,8.64891,8.64779
0.53,0,0.39,0,8.66159,8.64683
0.52,1,0.4,1,8.69268,8.68176
0.51,0,0.41,0,8.66237,8.64021
0.5,1,0.42,1,8.65773,8.63611
0.49,0,0.43,0,8.56354,8.55556
0.48,1,0.44,1,8.50477,8.51123
0.47,0,0.45,0,8.37342,8.39018
0.58,1,0.35,0,8.3456,8.35071
0.57,0,0.36,1,8.45811,8.46586
0.56,1,0.37,0,8.54092,8.5502
0.55,0,0.38,1,8.61279,8.61117
0.54,1,0.39,0,8.6489,8.64758
0.53,0,0.4,1,8.67162,8.66115
0.52,1,0.41,0,8.66418,8.65758
0.51,0,0.42,1,8.65141,8.63589
0.5,1,0.43,0,8.60858,8.59079
0.49,0,0.44,1,8.53146,8.52956
0.48,1,0.45,0,8.43482,8.44753
0.58,1,0.36,1,8.42433,8.4288
0.57,0,0.37,0,8.49276,8.50408
0.56,1,0.38,1,8.59383,8.59798
0.55,0,0.39,0,8.62281,8.61802
0.54,1,0.4,1,8.6668,8.6679
0.53,0,0.41,0,8.6489,8.64437
0.52,1,0.42,1,8.66233,8.65798
0.51,0,0.43,0,8.60874,8.59751
0.5,1,0.44,1,8.58366,8.56902
0.49,0,0.45,0,8.4724,8.4681
0.48,1,0.46,1,8.39168,8.40856
0.59,0,0.36,1,8.366,8.38013
0.58,1,0.37,0,8.46021,8.47332
0.57,0,0.38,1,8.54911,8.55458
0.56,1,0.39,0,8.60497,8.61041
0.55,0,0.4,1,8.64359,8.6395
0.54,1,0.41,0,8.64721,8.65408
0.53,0,0.42,1,8.64872,8.64734
0.52,1,0.43,0,8.62269,8.62261
0.51,0,0.44,1,8.58747,8.57863
0.5,1,0.45,0,8.52537,8.51255
0.49,0,0.46,1,8.42898,8.42887
0.6,1,0.36,1,8.33085,8.33894
0.59,0,0.37,0,8.4089,8.42388
0.58,1,0.38,1,8.52127,8.53168
0.57,0,0.39,0,8.56949,8.57297
0.56,1,0.4,1,8.63533,8.63795
0.55,0,0.41,0,8.62889,8.63177
0.54,1,0.42,1,8.65399,8.66075
0.53,0,0.43,0,8.61487,8.618
0.52,1,0.44,1,8.60941,8.60697
0.51,0,0.45,0,8.53467,8.52575
0.5,1,0.46,1,8.49002,8.4757
0.49,0,0.47,0,8.36029,8.35415
0.61,0,0.36,1,8.26986,8.29803
0.6,1,0.37,0,8.37619,8.38697
0.59,0,0.38,1,8.47186,8.48331
0.58,1,0.39,0,8.54152,8.5567
0.57,0,0.4,1,8.60378,8.60227
0.56,1,0.41,0,8.62317,8.6343
0.55,0,0.42,1,8.63509,8.64076
0.54,1,0.43,0,8.62372,8.6348
0.53,0,0.44,1,8.60428,8.60662
0.52,1,0.45,0,8.55989,8.55886
0.51,0,0.46,1,8.50243,8.49159
0.5,1,0.47,0,8.42241,8.40857
0.61,0,0.37,0,8.33073,8.34083
0.6,1,0.38,1,8.44575,8.45249
0.59,0,0.39,0,8.49768,8.51245
0.58,1,0.4,1,8.58145,8.59251
0.57,0,0.41,0,8.5963,8.60388
0.56,1,0.42,1,8.63517,8.6467
0.55,0,0.43,0,8.61,8.61995
0.54,1,0.44,1,8.62031,8.6257
0.53,0,0.45,0,8.5608,8.56277
0.52,1,0.46,1,8.5339,8.52722
0.51,0,0.47,0,8.44169,8.42471
0.5,1,0.48,1,8.37829,8.36235
0.62,1,0.37,0,8.2953,8.30054
0.61,0,0.38,1,8.40255,8.40386
0.6,1,0.39,0,8.47676,8.48807
0.59,0,0.4,1,8.53926,8.55048
0.58,1,0.41,0,8.57899,8.59932
0.57,0,0.42,1,8.6078,8.61875
0.56,1,0.43,0,8.61361,8.62981
0.55,0,0.44,1,8.60871,8.61576
0.54,1,0.45,0,8.58016,8.58649
0.53,0,0.46,1,8.53793,8.53642
0.52,1,0.47,0,8.47477,8.46714
0.51,0,0.48,1,8.39837,8.3804
0.63,0,0.37,0,8.24432,8.26256
0.62,1,0.38,1,8.37223,8.36827
0.61,0,0.39,0,8.43948,8.44047
0.6,1,0.4,1,8.52215,8.53294
0.59,0,0.41,0,8.54853,8.56196
0.58,1,0.42,1,8.60466,8.61802
0.57,0,0.43,0,8.59512,8.60643
0.56,1,0.44,1,8.61936,8.62741
0.55,0,0.45,0,8.57517,8.58101
0.54,1,0.46,1,8.56357,8.56224
0.53,0,0.47,0,8.48499,8.47849
0.52,1,0.48,1,8.43774,8.42518
0.51,0,0.49,0,8.3311,8.30253
0.5,1,0.5,1,8.25297,8.23745
0.63,0,0.38,1,8.32474,8.32559
0.62,1,0.39,0,8.41339,8.40984
0.61,0,0.4,1,8.48589,8.48682
0.6,1,0.41,0,8.53483,8.55037
0.59,0,0.42,1,8.57292,8.58364
0.58,1,0.43,0,8.59314,8.61018
0.57,0,0.44,1,8.60137,8.60929
0.56,1,0.45,0,8.58822,8.59721
0.55,0,0.46,1,8.56086,8.56371
0.54,1,0.47,0,8.51255,8.51046
0.53,0,0.48,1,8.45037,8.44062
0.51,0,0.5,1,8.2811,8.2535
0.64,1,0.38,1,8.29122,8.28768
0.63,0,0.39,0,8.37192,8.36465
0.62,1,0.4,1,8.46636,8.46277
0.61,0,0.41,0,8.50493,8.5081
0.6,1,0.42,1,8.56845,8.57677
0.59,0,0.43,0,8.57065,8.58025
0.58,1,0.44,1,8.60743,8.61497
0.57,0,0.45,0,8.57698,8.58359
0.56,1,0.46,1,8.58029,8.58153
0.55,0,0.47,0,8.51716,8.51532
0.54,1,0.48,1,8.48413,8.47539
0.53,0,0.49,0,8.38857,8.37072
0.52,1,0.5,1,8.32443,8.30827
0.64,1,0.39,0,8.34264,8.33009
0.63,0,0.4,1,8.42589,8.41678
0.62,1,0.41,0,8.48833,8.48997
0.61,0,0.42,1,8.53833,8.53794
0.6,1,0.43,0,8.5661,8.57836
0.59,0,0.44,1,8.58436,8.59052
0.58,1,0.45,0,8.58419,8.59379
0.57,0,0.46,1,8.57102,8.5755
0.56,1,0.47,0,8.53765,8.53867
0.55,0,0.48,1,8.48975,8.48624
0.54,1,0.49,0,8.42372,8.41307
0.53,0,0.5,1,8.34176,8.32475
0.64,1,0.4,1,8.40238,8.38828
0.63,0,0.41,0,8.45346,8.44632
0.62,1,0.42,1,8.52796,8.52549
0.61,0,0.43,0,8.54115,8.54405
0.6,1,0.44,1,8.5874,8.59126
0.59,0,0.45,0,8.56895,8.57392
0.58,1,0.46,1,8.58485,8.58711
0.57,0,0.47,0,8.53618,8.53668
0.56,1,0.48,1,8.51762,8.5122
0.55,0,0.49,0,8.43524,8.42517
0.54,1,0.5,1,8.38391,8.36989
0.53,0,0.51,0,8.25664,8.24563
0.66,1,0.39,0,8.26902,8.25443
0.65,0,0.4,1,8.35866,8.34744
0.64,1,0.41,0,8.43169,8.42275
0.63,0,0.42,1,8.49492,8.48486
0.62,1,0.43,0,8.53464,8.53681
0.61,0,0.44,1,8.5619,8.56245
0.6,1,0.45,0,8.5727,8.57914
0.59,0,0.46,1,8.57065,8.57463
0.58,1,0.47,0,8.55037,8.55326
0.57,0,0.48,1,8.51685,8.51723
0.56,1,0.49,0,8.4647,8.45774
0.55,0,0.5,1,8.39723,8.3852
0.54,1,0.51,0,8.30099,8.29957
0.53,0,0.52,1,8.18684,8.19575
0.66,1,0.4,1,8.32845,8.31627
0.65,0,0.41,0,8.39327,8.38223
0.64,1,0.42,1,8.47958,8.46765
0.63,0,0.43,0,8.50656,8.5006
0.62,1,0.44,1,8.56094,8.55893
0.61,0,0.45,0,8.55393,8.55506
0.6,1,0.46,1,8.57999,8.58151
0.59,0,0.47,0,8.54464,8.54509
0.58,1,0.48,1,8.53905,8.53597
0.57,0,0.49,0,8.47012,8.4654
0.56,1,0.5,1,8.43204,8.42116
0.55,0,0.51,0,8.32201,8.31339
0.54,1,0.52,1,8.23677,8.25074
0.67,0,0.4,1,8.28707,8.2834
0.66,1,0.41,0,8.36709,8.35446
0.65,0,0.42,1,8.44228,8.42844
0.64,1,0.43,0,8.4929,8.48836
0.63,0,0.44,1,8.53337,8.52772
0.62,1,0.45,0,8.5541,8.55593
0.61,0,0.46,1,8.56089,8.56401
0.6,1,0.47,0,8.5539,8.55643
0.59,0,0.48,1,8.53335,8.53488
0.58,1,0.49,0,8.49402,8.48983
0.57,0,0.5,1,8.43949,8.43343
0.56,1,0.51,0,8.35873,8.35696
0.55,0,0.52,1,8.2569,8.26561
0.67,0,0.41,0,8.32567,8.3205
0.66,1,0.42,1,8.42222,8.40746
0.65,0,0.43,0,8.46282,8.45295
0.64,1,0.44,1,8.52722,8.52039
0.63,0,0.45,0,8.53267,8.52955
0.62,1,0.46,1,8.56702,8.5672
0.61,0,0.47,0,8.54202,8.54333
0.6,1,0.48,1,8.55002,8.54805
0.59,0,0.49,0,8.49525,8.49216
0.58,1,0.5,1,8.46903,8.46112
0.57,0,0.51,0,8.37267,8.36971
0.56,1,0.52,1,8.30372,8.31191
0.55,0,0.53,0,8.17488,8.18637
0.68,1,0.41,0,8.29713,8.28878
0.67,0,0.42,1,8.38148,8.37252
0.66,1,0.43,0,8.44418,8.43612
0.65,0,0.44,1,8.49623,8.48861
0.64,1,0.45,0,8.52814,8.52637
0.63,0,0.46,1,8.54488,8.54611
0.62,1,0.47,0,8.54792,8.55049
0.61,0,0.48,1,8.53876,8.54126
0.6,1,0.49,0,8.5131,8.51015
0.59,0,0.5,1,8.47052,8.46891
0.58,1,0.51,0,8.40481,8.40393
0.57,0,0.52,1,8.31933,8.32674
0.56,1,0.53,0,8.22002,8.24119
0.55,0,0.54,1,8.10731,8.13609
0.69,0,0.41,0,8.25526,8.26119
0.68,1,0.42,1,8.35935,8.34848
0.67,0,0.43,0,8.41126,8.40391
0.66,1,0.44,1,8.48631,8.47781
0.65,0,0.45,0,8.50425,8.49934
0.64,1,0.46,1,8.54716,8.54622
0.63,0,0.47,0,8.53211,8.53384
0.62,1,0.48,1,8.55128,8.55026
0.61,0,0.49,0,8.50891,8.50718
0.6,1,0.5,1,8.49609,8.48965
0.59,0,0.51,0,8.41268,8.41368
0.58,1,0.52,1,8.35812,8.36453
0.57,0,0.53,0,8.24404,8.25391
0.56,1,0.54,1,8.15928,8.19123
0.69,0,0.42,1,8.31529,8.31876
0.68,1,0.43,0,8.39009,8.38274
0.67,0,0.44,1,8.45296,8.44702
0.66,1,0.45,0,8.49563,8.49223
0.65,0,0.46,1,8.52175,8.52278
0.64,1,0.47,0,8.53479,8.53743
0.63,0,0.48,1,8.53708,8.53859
0.62,1,0.49,0,8.52228,8.52019
0.61,0,0.5,1,8.49313,8.49222
0.6,1,0.51,0,8.44012,8.43992
0.59,0,0.52,1,8.36776,8.37756
0.58,1,0.53,0,8.28293,8.29903
0.57,0,0.54,1,8.18077,8.20462
0.69,0,0.43,0,8.35362,8.35482
0.68,1,0.44,1,8.43924,8.43297
0.67,0,0.45,0,8.46887,8.46582
0.66,1,0.46,1,8.52072,8.52012
0.65,0,0.47,0,8.51608,8.51845
0.64,1,0.48,1,8.54473,8.54441
0.63,0,0.49,0,8.51467,8.51252
0.62,1,0.5,1,8.51362,8.50747
0.61,0,0.51,0,8.44363,8.44541
0.6,1,0.52,1,8.40065,8.40743
0.59,0,0.53,0,8.29988,8.31191
0.58,1,0.54,1,8.23006,8.25203
0.57,0,0.55,0,8.10044,8.12626
0.7,1,0.43,0,8.32946,8.32907
0.69,0,0.44,1,8.40269,8.40407
0.68,1,0.45,0,8.45682,8.45472
0.67,0,0.46,1,8.49258,8.49531
0.66,1,0.47,0,8.51606,8.51877
0.65,0,0.48,1,8.52699,8.52879
0.64,1,0.49,0,8.52293,8.52164
0.63,0,0.5,1,8.50681,8.50474
0.62,1,0.51,0,8.46527,8.4652
0.61,0,0.52,1,8.40464,8.4171
0.6,1,0.53,0,8.33375,8.34805
0.59,0,0.54,1,8.24793,8.2662
0.58,1,0.55,0,8.14862,8.18176
0.71,0,0.43,0,8.29026,8.30431
0.7,1,0.44,1,8.38534,8.38678
0.69,0,0.45,0,8.42662,8.42968
0.68,1,0.46,1,8.48801,8.48993
0.67,0,0.47,0,8.49378,8.4984
0.66,1,0.48,1,8.53151,8.53206
0.65,0,0.49,0,8.51197,8.51011
0.64,1,0.5,1,8.52257,8.51585
0.63,0,0.51,0,8.46252,8.46593
0.62,1,0.52,1,8.43278,8.44008
0.6,1,0.54,1,8.2892,8.30578
0.59,0,0.55,0,8.17354,8.19331
0.58,1,0.56,1,8.08969,8.13124
0.72,1,0.43,0,8.26853,8.27286
0.71,0,0.44,1,8.34755,8.3595
0.7,1,0.45,0,8.41066,8.41436
0.69,0,0.46,1,8.45774,8.46439
0.68,1,0.47,0,8.49055,8.49543
0.67,0,0.48,1,8.51072,8.51331
0.66,1,0.49,0,8.51655,8.516
0.65,0,0.5,1,8.51407,8.50815
0.64,1,0.51,0,8.48092,8.48067
0.63,0,0.52,1,8.43115,8.44534
0.62,1,0.53,0,8.37456,8.38736
0.61,0,0.54,1,8.30097,8.31914
0.72,1,0.44,1,8.32688,8.33865
0.71,0,0.45,0,8.37761,8.3906
0.7,1,0.46,1,8.44928,8.45616
0.69,0,0.47,0,8.46591,8.47433
0.68,1,0.48,1,8.51235,8.51428
0.67,0,0.49,0,8.50162,8.5015
0.66,1,0.5,1,8.52312,8.51616
0.65,0,0.51,0,8.47582,8.47677
0.64,1,0.52,1,8.45569,8.46271
0.63,0,0.53,0,8.3819,8.39512
0.62,1,0.54,1,8.33683,8.35116
0.73,0,0.44,1,8.28556,8.31121
0.72,1,0.45,0,8.35928,8.37049
0.71,0,0.46,1,8.41693,8.43009
0.7,1,0.47,0,8.45945,8.46784
0.69,0,0.48,1,8.48897,8.49308
0.68,1,0.49,0,8.50387,8.50447
0.67,0,0.5,1,8.50961,8.50409
0.66,1,0.51,0,8.4879,8.48759
0.65,0,0.52,1,8.45092,8.46307
0.64,1,0.53,0,8.40441,8.41678
0.63,0,0.54,1,8.3443,8.36214
0.62,1,0.55,0,8.27186,8.29042
0.61,0,0.56,1,8.18795,8.20496
0.73,0,0.45,0,8.32286,8.34683
0.72,1,0.46,1,8.40522,8.41872
0.71,0,0.47,0,8.43389,8.44627
0.7,1,0.48,1,8.48783,8.49175
0.69,0,0.49,0,8.48567,8.4877
0.68,1,0.5,1,8.51653,8.50967
0.67,0,0.51,0,8.47892,8.47954
0.66,1,0.52,1,8.46975,8.47611
0.65,0,0.53,0,8.40612,8.42035
0.64,1,0.54,1,8.37498,8.38735
0.63,0,0.55,0,8.2864,8.30232
0.74,1,0.45,0,8.30339,8.32102
0.73,0,0.46,1,8.36896,8.39174
0.72,1,0.47,0,8.42321,8.43582
0.71,0,0.48,1,8.46144,8.46853
0.7,1,0.49,0,8.48614,8.48776
0.69,0,0.5,1,8.49945,8.49386
0.68,1,0.51,0,8.48791,8.48719
0.67,0,0.52,1,8.46207,8.47155
0.66,1,0.53,0,8.42679,8.43678
0.65,0,0.54,1,8.37844,8.39471
0.64,1,0.55,0,8.31733,8.33249
0.63,0,0.56,1,8.24593,8.25938
0.74,1,0.46,1,8.35709,8.37674
0.73,0,0.47,0,8.39533,8.4136
0.72,1,0.48,1,8.45802,8.46468
0.71,0,0.49,0,8.46626,8.46925
0.7,1,0.5,1,8.50449,8.49734
0.69,0,0.51,0,8.47563,8.47564
0.68,1,0.52,1,8.47703,8.48132
0.67,0,0.53,0,8.42372,8.43587
0.66,1,0.54,1,8.40403,8.41417
0.65,0,0.55,0,8.32848,8.34196
0.64,1,0.56,1,8.28029,8.2933
0.76,1,0.45,0,8.24524,8.26221
0.75,0,0.46,1,8.32086,8.34764
0.74,1,0.47,0,8.38233,8.39856
0.73,0,0.48,1,8.431,8.43961
0.72,1,0.49,0,8.46389,8.46615
0.71,0,0.5,1,8.4852,8.47836
0.7,1,0.51,0,8.48207,8.48053
0.69,0,0.52,1,8.46688,8.47214
0.68,1,0.53,0,8.44146,8.4482
0.67,0,0.54,1,8.40383,8.41712
0.66,1,0.55,0,8.35291,8.36547
0.65,0,0.56,1,8.29391,8.30515
0.76,1,0.46,1,8.30597,8.32833
0.75,0,0.47,0,8.35276,8.37491
0.74,1,0.48,1,8.42427,8.43284
0.73,0,0.49,0,8.44212,8.44618
0.72,1,0.5,1,8.48791,8.4798
0.71,0,0.51,0,8.46833,8.46608
0.7,1,0.52,1,8.47814,8.47943
0.69,0,0.53,0,8.43702,8.44299
0.68,1,0.54,1,8.42466,8.432
0.67,0,0.55,0,8.35915,8.37136
0.66,1,0.56,1,8.32376,8.33244
0.77,0,0.46,1,8.27003,8.29501
0.76,1,0.47,0,8.3378,8.35441
0.75,0,0.48,1,8.3954,8.40574
0.74,1,0.49,0,8.43795,8.43949
0.73,0,0.5,1,8.46724,8.45808
0.72,1,0.51,0,8.47233,8.4683
0.71,0,0.52,1,8.46555,8.46609
0.7,1,0.53,0,8.4492,8.45209
0.69,0,0.54,1,8.42093,8.4302
0.68,1,0.55,0,8.38038,8.38944
0.67,0,0.56,1,8.33021,8.34143
0.77,0,0.47,0,8.30865,8.32785
0.76,1,0.48,1,8.38704,8.3955
0.75,0,0.49,0,8.41434,8.41804
0.74,1,0.5,1,8.46742,8.45728
0.73,0,0.51,0,8.45616,8.4515
0.72,1,0.52,1,8.47328,8.47135
0.71,0,0.53,0,8.44149,8.443
0.7,1,0.54,1,8.43756,8.44159
0.69,0,0.55,0,8.38343,8.39115
0.68,1,0.56,1,8.35582,8.36291
0.67,0,0.57,0,8.27829,8.28694
0.78,1,0.47,0,8.29331,8.30078
0.77,0,0.48,1,8.35768,8.36568
0.76,1,0.49,0,8.40845,8.40713
0.75,0,0.5,1,8.44555,8.43307
0.74,1,0.51,0,8.45817,8.45089
0.73,0,0.52,1,8.45805,8.45434
0.72,1,0.53,0,8.4503,8.44938
0.71,0,0.54,1,8.43089,8.43509
0.7,1,0.55,0,8.39979,8.40493
0.69,0,0.56,1,8.35818,8.36806
0.68,1,0.57,0,8.30464,8.31217
0.78,1,0.48,1,8.34675,8.35131
0.77,0,0.49,0,8.38432,8.38381
0.76,1,0.5,1,8.44352,8.42965
0.75,0,0.51,0,8.44031,8.43208
0.74,1,0.52,1,8.46325,8.45773
0.73,0,0.53,0,8.43994,8.43694
0.72,1,0.54,1,8.44354,8.44383
0.71,0,0.55,0,8.39927,8.40233
0.7,1,0.56,1,8.37972,8.38474
0.69,0,0.57,0,8.31243,8.32
0.68,1,0.58,1,8.27326,8.27624
0.79,0,0.48,1,8.31695,8.31748
0.78,1,0.49,0,8.37495,8.36786
0.77,0,0.5,1,8.42056,8.40298
0.76,1,0.51,0,8.43982,8.42826
0.75,0,0.52,1,8.44612,8.43749
0.74,1,0.53,0,8.44549,8.44082
0.73,0,0.54,1,8.43411,8.4329
0.72,1,0.55,0,8.41156,8.41273
0.71,0,0.56,1,8.37846,8.38549
0.7,1,0.57,0,8.33354,8.33967
0.69,0,0.58,1,8.28079,8.28648
0.8,1,0.48,1,8.30326,8.29815
0.79,0,0.49,0,8.35109,8.34181
0.78,1,0.5,1,8.41698,8.3964
0.77,0,0.51,0,8.42078,8.40762
0.76,1,0.52,1,8.44875,8.43889
0.75,0,0.53,0,8.43284,8.42555
0.74,1,0.54,1,8.4433,8.43957
0.73,0,0.55,0,8.40649,8.40603
0.72,1,0.56,1,8.39606,8.3984
0.71,0,0.57,0,8.33719,8.34374
0.7,1,0.58,1,8.30692,8.30978
0.69,0,0.59,0,8.22891,8.23094
0.81,0,0.48,1,8.26903,8.25832
0.8,1,0.49,0,8.33878,8.31984
0.79,0,0.5,1,8.39282,8.36697
0.78,1,0.51,0,8.41806,8.40001
0.77,0,0.52,1,8.43041,8.41577
0.76,1,0.53,0,8.43599,8.42687
0.75,0,0.54,1,8.43139,8.4246
0.74,1,0.55,0,8.41605,8.41367
0.73,0,0.56,1,8.3911,8.39453
0.72,1,0.57,0,8.35605,8.3589
0.71,0,0.58,1,8.31094,8.31681
0.7,1,0.59,0,8.25438,8.25763
0.82,1,0.48,1,8.25259,8.23294
0.81,0,0.49,0,8.314,8.28963
0.8,1,0.5,1,8.38682,8.35657
0.79,0,0.51,0,8.39736,8.37744
0.78,1,0.52,1,8.43032,8.41487
0.77,0,0.53,0,8.4211,8.4092
0.76,1,0.54,1,8.43773,8.42948
0.75,0,0.55,0,8.40878,8.40327
0.74,1,0.56,1,8.40555,8.40458
0.73,0,0.57,0,8.35619,8.35881
0.72,1,0.58,1,8.33322,8.33519
0.71,0,0.59,0,8.26376,8.26708
0.7,1,0.6,1,8.22251,8.21943
0.83,0,0.48,1,8.20617,8.18467
0.82,1,0.49,0,8.29796,8.26047
0.81,0,0.5,1,8.36252,8.32366
0.8,1,0.51,0,8.39255,8.36531
0.79,0,0.52,1,8.41123,8.38906
0.78,1,0.53,0,8.4223,8.40767
0.77,0,0.54,1,8.42374,8.4109
0.76,1,0.55,0,8.41506,8.4085
0.75,0,0.56,1,8.39859,8.39616
0.74,1,0.57,0,8.37037,8.37042
0.73,0,0.58,1,8.3334,8.33825
0.72,1,0.59,0,8.28614,8.28817
0.71,0,0.6,1,8.2303,8.23062
0.83,0,0.49,0,8.25371,8.2243
0.82,1,0.5,1,8.35487,8.30866
0.81,0,0.51,0,8.37234,8.34039
0.8,1,0.52,1,8.40849,8.38536
0.79,0,0.53,0,8.40646,8.38791
0.78,1,0.54,1,8.42762,8.41399
0.77,0,0.55,0,8.40559,8.39487
0.76,1,0.56,1,8.40938,8.40401
0.75,0,0.57,0,8.36776,8.36615
0.74,1,0.58,1,8.35234,8.35263
0.73,0,0.59,0,8.29154,8.29436
0.72,1,0.6,1,8.25681,8.25546
0.83,0,0.5,1,8.31009,8.27098
0.82,1,0.51,0,8.36473,8.32284
0.81,0,0.52,1,8.38902,8.35684
0.8,1,0.53,0,8.40511,8.38305
0.79,0,0.54,1,8.41265,8.3922
0.78,1,0.55,0,8.40998,8.39775
0.77,0,0.56,1,8.40021,8.39131
0.76,1,0.57,0,8.37884,8.37492
0.75,0,0.58,1,8.34983,8.35132
0.74,1,0.59,0,8.31026,8.31081
0.73,0,0.6,1,8.26223,8.26404
0.72,1,0.61,0,8.20428,8.20243
0.84,1,0.5,1,8.27517,8.25051
0.83,0,0.51,0,8.32595,8.29471
0.82,1,0.52,1,8.38364,8.34972
0.81,0,0.53,0,8.38907,8.36132
0.8,1,0.54,1,8.4137,8.39328
0.79,0,0.55,0,8.39865,8.38135
0.78,1,0.56,1,8.40817,8.39738
0.77,0,0.57,0,8.37449,8.36671
0.76,1,0.58,1,8.36577,8.36259
0.75,0,0.59,0,8.31288,8.31313
0.74,1,0.6,1,8.28554,8.28393
0.73,0,0.61,0,8.21323,8.21322
0.85,0,0.5,1,8.23069,8.20624
0.84,1,0.51,0,8.29199,8.2707
0.83,0,0.52,1,8.34574,8.31817
0.82,1,0.53,0,8.38476,8.35246
0.81,0,0.54,1,8.39848,8.36858
0.8,1,0.55,0,8.40134,8.38171
0.79,0,0.56,1,8.39753,8.38074
0.78,1,0.57,0,8.3828,8.37308
0.77,0,0.58,1,8.36198,8.35678
0.76,1,0.59,0,8.32893,8.32586
0.75,0,0.6,1,8.28815,8.28906
0.74,1,0.61,0,8.23672,8.23549
0.73,0,0.62,1,8.17763,8.17445
0.85,0,0.51,0,8.25225,8.23805
0.84,1,0.52,1,8.31943,8.30688
0.83,0,0.53,0,8.35132,8.32867
0.82,1,0.54,1,8.39619,8.36723
0.81,0,0.55,0,8.38977,8.36293
0.8,1,0.56,1,8.40275,8.38515
0.79,0,0.57,0,8.37605,8.36131
0.78,1,0.58,1,8.37376,8.36568
0.77,0,0.59,0,8.33001,8.32408
0.76,1,0.6,1,8.30851,8.3048
0.75,0,0.61,0,8.24372,8.24355
0.74,1,0.62,1,8.20592,8.20048
0.86,1,0.51,0,8.21848,8.20639
0.85,0,0.52,1,8.28024,8.27157
0.84,1,0.53,0,8.326,8.315
0.83,0,0.54,1,8.36429,8.33978
0.82,1,0.55,0,8.38896,8.36038
0.81,0,0.56,1,8.39183,8.36499
0.8,1,0.57,0,8.38188,8.36549
0.79,0,0.58,1,8.36725,8.35546
0.78,1,0.59,0,8.34171,8.33384
0.77,0,0.6,1,8.30959,8.30593
0.76,1,0.61,0,8.26365,8.26113
0.75,0,0.62,1,8.21381,8.2103
0.74,1,0.63,0,8.15057,8.14706
0.87,0,0.51,0,8.17509,8.16764
0.86,1,0.52,1,8.25258,8.2553
0.85,0,0.53,0,8.29244,8.28873
0.84,1,0.54,1,8.34469,8.33544
0.83,0,0.55,0,8.36014,8.3395
0.82,1,0.56,1,8.39342,8.36764
0.81,0,0.57,0,8.37512,8.35059
0.8,1,0.58,1,8.37708,8.3625
0.79,0,0.59,0,8.33926,8.32801
0.78,1,0.6,1,8.3255,8.31835
0.77,0,0.61,0,8.26854,8.26572
0.76,1,0.62,1,8.23793,8.23147
0.75,0,0.63,0,8.16162,8.15891
0.87,0,0.52,1,8.21177,8.21499
0.86,1,0.53,0,8.26561,8.26931
0.85,0,0.54,1,8.31159,8.30523
0.84,1,0.55,0,8.34234,8.33347
0.83,0,0.56,1,8.36702,8.34429
0.82,1,0.57,0,8.37803,8.35251
0.81,0,0.58,1,8.37039,8.34813
0.8,1,0.59,0,8.34945,8.33535
0.79,0,0.6,1,8.32364,8.31516
0.78,1,0.61,0,8.28554,8.27945
0.77,0,0.62,1,8.24308,8.23838
0.76,1,0.63,0,8.18722,8.18209
0.88,1,0.52,1,8.18485,8.19283
0.87,0,0.53,0,8.22947,8.23974
0.86,1,0.54,1,8.29089,8.29718
0.85,0,0.55,0,8.31433,8.31063
0.84,1,0.56,1,8.35316,8.34486
0.83,0,0.57,0,8.35505,8.33492
0.82,1,0.58,1,8.37632,8.35357
0.81,0,0.59,0,8.34653,8.32572
0.8,1,0.6,1,8.33788,8.32501
0.79,0,0.61,0,8.28911,8.28014
0.78,1,0.62,1,8.26382,8.25534
0.77,0,0.63,0,8.19773,8.19174
0.76,1,0.64,1,8.15497,8.14528
0.75,0,0.65,0,8.06867,8.06297
0.88,1,0.53,0,8.20226,8.2135
0.87,0,0.54,1,8.25536,8.26388
0.86,1,0.55,0,8.29436,8.30039
0.85,0,0.56,1,8.32608,8.31863
0.84,1,0.57,0,8.34322,8.3343
0.83,0,0.58,1,8.35541,8.33538
0.82,1,0.59,0,8.35399,8.33094
0.81,0,0.6,1,8.33552,8.31744
0.8,1,0.61,0,8.30394,8.29079
0.79,0,0.62,1,8.26585,8.25869
0.78,1,0.63,0,8.21768,8.21026
0.77,0,0.64,1,8.16461,8.15606
0.76,1,0.65,0,8.09748,8.09189
0.89,0,0.53,0,8.16502,8.1794
0.88,1,0.54,1,8.23317,8.25135
0.87,0,0.55,0,8.26488,8.2755
0.86,1,0.56,1,8.31097,8.31663
0.85,0,0.57,0,8.32083,8.31438
0.84,1,0.58,1,8.34707,8.33924
0.83,0,0.59,0,8.33631,8.31788
0.82,1,0.6,1,8.34603,8.3253
0.81,0,0.61,0,8.30666,8.28746
0.8,1,0.62,1,8.28597,8.27216
0.79,0,0.63,0,8.22643,8.21689
0.78,1,0.64,1,8.19026,8.17824
0.77,0,0.65,0,8.11151,8.10456
0.89,0,0.54,1,8.19689,8.21424
0.88,1,0.55,0,8.24367,8.26017
0.87,0,0.56,1,8.28199,8.28768
0.86,1,0.57,0,8.30613,8.31077
0.85,0,0.58,1,8.32468,8.3176
0.84,1,0.59,0,8.32943,8.32105
0.83,0,0.6,1,8.33049,8.31347
0.82,1,0.61,0,8.31773,8.29562
0.81,0,0.62,1,8.28818,8.27153
0.8,1,0.63,0,8.24582,8.2315
0.79,0,0.64,1,8.19832,8.18662
0.78,1,0.65,0,8.13822,8.12836
0.77,0,0.66,1,8.07505,8.06286
0.9,1,0.54,1,8.17288,8.19639
0.89,0,0.55,0,8.21189,8.23284
0.88,1,0.56,1,8.26545,8.28246
0.87,0,0.57,0,8.28143,8.2888
0.86,1,0.58,1,8.31476,8.31968
0.85,0,0.59,0,8.31154,8.30496
0.84,1,0.6,1,8.32692,8.31971
0.83,0,0.61,0,8.3053,8.28838
0.82,1,0.62,1,8.30368,8.28223
0.81,0,0.63,0,8.25417,8.23455
0.8,1,0.64,1,8.22194,8.20461
0.79,0,0.65,0,8.15129,8.13931
0.78,1,0.66,1,8.10559,8.09021
0.77,0,0.67,0,8.0171,8.00819
0.91,0,0.54,1,8.13509,8.15427
0.9,1,0.55,0,8.18873,8.21146
0.89,0,0.56,1,8.2348,8.25078
0.88,1,0.57,0,8.26609,8.28155
0.87,0,0.58,1,8.28988,8.29492
0.86,1,0.59,0,8.30213,8.30591
0.85,0,0.6,1,8.30919,8.30387
0.84,1,0.61,0,8.30266,8.29444
0.83,0,0.62,1,8.29301,8.27739
0.82,1,0.63,0,8.26927,8.24598
0.81,0,0.64,1,8.22895,8.20992
0.8,1,0.65,0,8.17846,8.15857
0.79,0,0.66,1,8.11689,8.10169
0.78,1,0.67,0,8.04858,8.03718
0.92,1,0.54,1,8.11042,8.13018
0.91,0,0.55,0,8.15544,8.18088
0.9,1,0.56,1,8.21608,8.24159
0.89,0,0.57,0,8.23883,8.25768
0.88,1,0.58,1,8.27857,8.29482
0.87,0,0.59,0,8.28038,8.2872
0.86,1,0.6,1,8.30409,8.30863
0.85,0,0.61,0,8.28865,8.28353
0.84,1,0.62,1,8.29386,8.28594
0.83,0,0.63,0,8.26193,8.24518
0.82,1,0.64,1,8.24951,8.22434
0.81,0,0.65,0,8.18715,8.16695
0.8,1,0.66,1,8.14611,8.12461
0.79,0,0.67,0,8.06324,8.05043
0.78,1,0.68,1,8.01051,7.99509
0.92,1,0.55,0,8.1318,8.15241
0.91,0,0.56,1,8.18324,8.20686
0.9,1,0.57,0,8.22155,8.246
0.89,0,0.58,1,8.25253,8.26724
0.88,1,0.59,0,8.27054,8.28559
0.87,0,0.6,1,8.2836,8.28907
0.86,1,0.61,0,8.28437,8.28767
0.85,0,0.62,1,8.28057,8.27686
0.84,1,0.63,0,8.26354,8.25403
0.83,0,0.64,1,8.24334,8.22606
0.82,1,0.65,0,8.20662,8.18231
0.81,0,0.66,1,8.15677,8.13413
0.8,1,0.67,0,8.09404,8.07461
0.79,0,0.68,1,8.02647,8.00797
0.78,1,0.69,0,7.94882,7.9405
0.93,0,0.55,0,8.09755,8.11744
0.92,1,0.56,1,8.16444,8.19289
0.91,0,0.57,0,8.19372,8.22015
0.9,1,0.58,1,8.24039,8.26439
0.89,0,0.59,0,8.24954,8.26461
0.88,1,0.6,1,8.27718,8.29228
0.87,0,0.61,0,8.26823,8.27345
0.86,1,0.62,1,8.27963,8.28371
0.85,0,0.63,0,8.25383,8.24933
0.84,1,0.64,1,8.24834,8.23755
0.83,0,0.65,0,8.20432,8.1875
0.82,1,0.66,1,8.18094,8.15298
0.81,0,0.67,0,8.10898,8.08654
0.8,1,0.68,1,8.05969,8.03555
0.79,0,0.69,0,7.9685,7.95426
0.93,0,0.56,1,8.13379,8.1544
0.92,1,0.57,0,8.17619,8.20314
0.91,0,0.58,1,8.21423,8.23416
0.9,1,0.59,0,8.2383,8.25989
0.89,0,0.6,1,8.25544,8.26936
0.88,1,0.61,0,8.26153,8.27563
0.87,0,0.62,1,8.26347,8.27052
0.86,1,0.63,0,8.25355,8.25606
0.85,0,0.64,1,8.23948,8.23536
0.84,1,0.65,0,8.20982,8.19961
0.83,0,0.66,1,8.17911,8.1599
0.82,1,0.67,0,8.13326,8.10636
0.81,0,0.68,1,8.07495,8.04746
0.93,0,0.57,0,8.14822,8.17494
0.92,1,0.58,1,8.20112,8.22787
0.91,0,0.59,0,8.21893,8.23695
0.9,1,0.6,1,8.24958,8.27072
0.89,0,0.61,0,8.24381,8.25848
0.88,1,0.62,1,8.26162,8.27592
0.87,0,0.63,0,8.24135,8.24758
0.86,1,0.64,1,8.24261,8.24452
0.85,0,0.65,0,8.20634,8.20123
0.84,1,0.66,1,8.18915,8.17516
0.83,0,0.67,0,8.13484,8.11616
0.82,1,0.68,1,8.10219,8.07091
0.94,1,0.57,0,8.12904,8.15162
0.93,0,0.58,1,8.17628,8.19497
0.92,1,0.59,0,8.20788,8.22842
0.91,0,0.6,1,8.23027,8.24477
0.9,1,0.61,0,8.24127,8.25846
0.89,0,0.62,1,8.24397,8.25884
0.88,1,0.63,0,8.2393,8.25246
0.87,0,0.64,1,8.23104,8.23826
0.86,1,0.65,0,8.20887,8.21069
0.85,0,0.66,1,8.18468,8.17895
0.84,1,0.67,0,8.14553,8.13215
0.83,0,0.68,1,8.10487,8.08123
0.82,1,0.69,0,8.05006,8.02107
0.81,0,0.7,1,7.98376,7.95383
0.93,0,0.59,0,8.1871,8.20365
0.92,1,0.6,1,8.224,8.24383
0.91,0,0.61,0,8.22613,8.23876
0.9,1,0.62,1,8.24406,8.26283
0.89,0,0.63,0,8.22658,8.24045
0.88,1,0.64,1,8.2334,8.2456
0.87,0,0.65,0,8.202,8.20855
0.86,1,0.66,1,8.19292,8.19117
0.85,0,0.67,0,8.14492,8.13918
0.84,1,0.68,1,8.11935,8.10078
0.83,0,0.69,0,8.05644,8.03368
0.82,1,0.7,1,8.01544,7.98146
0.94,1,0.59,0,8.17204,8.19049
0.93,0,0.6,1,8.20458,8.21513
0.92,1,0.61,0,8.22115,8.23612
0.91,0,0.62,1,8.22853,8.24216
0.9,1,0.63,0,8.2287,8.24355
0.89,0,0.64,1,8.22042,8.23526
0.88,1,0.65,0,8.20505,8.21583
0.87,0,0.66,1,8.18575,8.19143
0.86,1,0.67,0,8.15364,8.15191
0.85,0,0.68,1,8.11883,8.10893
0.84,1,0.69,0,8.07126,8.0539
0.82,1,0.71,0,7.95907,7.92977
0.95,0,0.59,0,8.14889,8.16384
0.94,1,0.6,1,8.19394,8.21127
0.93,0,0.61,0,8.20631,8.21423
0.92,1,0.62,1,8.22684,8.24457
0.91,0,0.63,0,8.2171,8.22834
0.9,1,0.64,1,8.2248,8.2411
0.89,0,0.65,0,8.19667,8.20993
0.88,1,0.66,1,8.19313,8.20117
0.87,0,0.67,0,8.15068,8.15571
0.86,1,0.68,1,8.13239,8.12494
0.85,0,0.69,0,8.07421,8.06476
0.84,1,0.7,1,8.03994,8.01737
0.96,1,0.59,0,8.13104,8.14514
0.95,0,0.6,1,8.1703,8.17999
0.94,1,0.61,0,8.1953,8.20836
0.93,0,0.62,1,8.21122,8.22063
0.92,1,0.63,0,8.21667,8.22954
0.91,0,0.64,1,8.21325,8.22681
0.9,1,0.65,0,8.20291,8.21537
0.89,0,0.66,1,8.18435,8.19765
0.88,1,0.67,0,8.1592,8.16572
0.87,0,0.68,1,8.12944,8.13042
0.86,1,0.69,0,8.08838,8.08129
0.85,0,0.7,1,8.04382,8.02816
0.84,1,0.71,0,7.98744,7.96792
0.96,1,0.6,1,8.15807,8.1725
0.95,0,0.61,0,8.17671,8.18457
0.94,1,0.62,1,8.205,8.22113
0.93,0,0.63,0,8.20462,8.21149
0.92,1,0.64,1,8.21532,8.2313
0.91,0,0.65,0,8.19464,8.20584
0.9,1,0.66,1,8.19243,8.20541
0.89,0,0.67,0,8.15505,8.16602
0.88,1,0.68,1,8.14191,8.14334
0.87,0,0.69,0,8.0896,8.08978
0.86,1,0.7,1,8.06171,8.04828
0.85,0,0.71,0,7.99537,7.98088
0.84,1,0.72,1,7.95265,7.92809
0.97,0,0.6,1,8.13196,8.13861
0.96,1,0.61,0,8.16415,8.17474
0.95,0,0.62,1,8.18706,8.19423
0.94,1,0.63,0,8.19979,8.21046
0.93,0,0.64,1,8.2035,8.21326
0.92,1,0.65,0,8.19814,8.20961
0.91,0,0.66,1,8.18463,8.19798
0.9,1,0.67,0,8.16314,8.1738
0.89,0,0.68,1,8.13638,8.14573
0.88,1,0.69,0,8.10143,8.10308
0.87,0,0.7,1,8.06277,8.05728
0.86,1,0.71,0,8.01332,8.00142
0.84,1,0.73,0,7.89604,7.87723
0.97,0,0.61,0,8.14325,8.1492
0.96,1,0.62,1,8.1773,8.1923
0.95,0,0.63,0,8.18503,8.18994
0.94,1,0.64,1,8.20182,8.21637
0.93,0,0.65,0,8.18915,8.19669
0.92,1,0.66,1,8.19013,8.20414
0.91,0,0.67,0,8.15847,8.17047
0.9,1,0.68,1,8.14793,8.15605
0.89,0,0.69,0,8.1012,8.10874
0.88,1,0.7,1,8.0792,8.07397
0.87,0,0.71,0,8.01857,8.01295
0.86,1,0.72,1,7.98128,7.96418
0.98,1,0.61,0,8.12686,8.13456
0.97,0,0.62,1,8.15749,8.16272
0.96,1,0.63,0,8.1767,8.18622
0.95,0,0.64,1,8.18761,8.19484
0.94,1,0.65,0,8.1888,8.19876
0.93,0,0.66,1,8.18158,8.1928
0.92,1,0.67,0,8.1651,8.17638
0.91,0,0.68,1,8.14277,8.15502
0.9,1,0.69,0,8.11275,8.1193
0.89,0,0.7,1,8.07807,8.08073
0.88,1,0.71,0,8.0346,8.02996
0.87,0,0.72,1,7.98656,7.97511
0.86,1,0.73,0,7.92872,7.91525
0.98,1,0.62,1,8.14462,8.15771
0.97,0,0.63,0,8.16002,8.16358
0.96,1,0.64,1,8.18301,8.19634
0.95,0,0.65,0,8.17747,8.18275
0.94,1,0.66,1,8.18405,8.19761
0.93,0,0.67,0,8.1586,8.16944
0.92,1,0.68,1,8.15172,8.16321
0.91,0,0.69,0,8.11082,8.12177
0.9,1,0.7,1,8.09256,8.09433
0.89,0,0.71,0,8.03834,8.0395
0.88,1,0.72,1,8.00638,7.99574
0.87,0,0.73,0,7.93827,7.92822
0.86,1,0.74,1,7.89277,7.8755
0.99,0,0.62,1,8.12204,8.12561
0.98,1,0.63,0,8.14898,8.15652
0.97,0,0.64,1,8.16719,8.17163
0.96,1,0.65,0,8.17448,8.18294
0.95,0,0.66,1,8.17331,8.18248
0.94,1,0.67,0,8.16312,8.17371
0.93,0,0.68,1,8.14586,8.15857
0.92,1,0.69,0,8.12049,8.13003
0.91,0,0.7,1,8.09042,8.09844
0.9,1,0.71,0,8.05278,8.05338
0.89,0,0.72,1,8.00912,8.00518
0.88,1,0.73,0,7.95745,7.94907
0.86,1,0.75,0,7.83631,7.82545
0.99,0,0.63,0,8.12944,8.13204
0.98,1,0.64,1,8.15903,8.17112
0.97,0,0.65,0,8.16282,8.16418
0.96,1,0.66,1,8.17346,8.186
0.95,0,0.67,0,8.15542,8.16331
0.94,1,0.68,1,8.1524,8.16502
0.93,0,0.69,0,8.11759,8.12912
0.92,1,0.7,1,8.10256,8.10936
0.91,0,0.71,0,8.05456,8.06046
0.9,1,0.72,1,8.02712,8.02253
0.89,0,0.73,0,7.96433,7.96087
0.88,1,0.74,1,7.92382,7.9115
1,1,0.63,0,8.11547,8.12087
0.99,0,0.64,1,8.1403,8.14353
0.98,1,0.65,0,8.15563,8.1621
0.97,0,0.66,1,8.16179,8.16725
0.96,1,0.67,0,8.15697,8.16602
0.95,0,0.68,1,8.14474,8.15666
0.94,1,0.69,0,8.12498,8.13546
0.93,0,0.7,1,8.09914,8.11049
0.92,1,0.71,0,8.06668,8.0716
0.91,0,0.72,1,8.02797,8.0301
0.9,1,0.73,0,7.98189,7.97838
0.89,0,0.74,1,7.9303,7.92221
0.88,1,0.75,0,7.87086,7.86312
0.99,0,0.65,0,8.13976,8.14095
0.98,1,0.66,1,8.15871,8.16937
0.97,0,0.67,0,8.14793,8.15236
0.96,1,0.68,1,8.14902,8.16168
0.95,0,0.69,0,8.11962,8.1311
0.94,1,0.7,1,8.10945,8.11914
0.93,0,0.71,0,8.0658,8.07587
0.92,1,0.72,1,8.04381,8.04442
0.91,0,0.73,0,7.987,7.98851
0.9,1,0.74,1,7.95145,7.94335
0.89,0,0.75,0,7.88105,7.87575
0.88,1,0.76,1,7.83329,7.82371
0.99,0,0.66,1,8.14391,8.14726
0.98,1,0.67,0,8.14696,8.15342
0.97,0,0.68,1,8.13994,8.1496
0.96,1,0.69,0,8.12555,8.13578
0.95,0,0.7,1,8.10484,8.11702
0.94,1,0.71,0,8.07675,8.08467
0.93,0,0.72,1,8.04287,8.04976
0.92,1,0.73,0,8.00305,8.003
0.91,0,0.74,1,7.95597,7.95281
0.9,1,0.75,0,7.90152,7.89696
1.01,0,0.65,0,8.11368,8.11288
1,1,0.66,1,8.13728,8.14771
0.99,0,0.67,0,8.1355,8.1368
0.98,1,0.68,1,8.14196,8.15333
0.97,0,0.69,0,8.11895,8.128
0.96,1,0.7,1,8.11247,8.1238
0.95,0,0.71,0,8.07417,8.08588
0.94,1,0.72,1,8.05644,8.06137
0.93,0,0.73,0,8.00497,8.01103
0.92,1,0.74,1,7.9749,7.97085
0.91,0,0.75,0,7.90998,7.90862
0.9,1,0.76,1,7.86634,7.85939
1.01,0,0.66,1,8.12099,8.12251
1,1,0.67,0,8.13038,8.13595
0.99,0,0.68,1,8.13175,8.13762
0.98,1,0.69,0,8.12259,8.13117
0.97,0,0.7,1,8.1062,8.11826
0.96,1,0.71,0,8.08302,8.09269
0.95,0,0.72,1,8.05418,8.06418
0.94,1,0.73,0,8.01886,8.02283
0.93,0,0.74,1,7.97673,7.97876
0.91,0,0.76,1,7.87397,7.86955
0.9,1,0.77,0,7.81283,7.81156
1.02,1,0.66,1,8.11254,8.12084
1.01,0,0.67,0,8.11682,8.11667
1,1,0.68,1,8.1296,8.14008
0.99,0,0.69,0,8.11495,8.12009
0.98,1,0.7,1,8.1119,8.12347
0.97,0,0.71,0,8.08037,8.0907
0.96,1,0.72,1,8.06555,8.0734
0.95,0,0.73,0,8.01943,8.02844
0.94,1,0.74,1,7.99393,7.99385
0.93,0,0.75,0,7.93512,7.93695
0.92,1,0.76,1,7.89594,7.89126
0.91,0,0.77,0,7.82385,7.82347
0.9,1,0.78,1,7.7736,7.77276
1.03,0,0.66,1,8.09476,8.09284
1.02,1,0.67,0,8.10907,8.11351
1.01,0,0.68,1,8.11702,8.12091
1,1,0.69,0,8.11447,8.12176
0.99,0,0.7,1,8.10453,8.11442
0.98,1,0.71,0,8.08634,8.0958
0.97,0,0.72,1,8.06178,8.0734
0.96,1,0.73,0,8.03096,8.03787
0.95,0,0.74,1,7.99454,7.99993
0.94,1,0.75,0,7.9514,7.95215
0.93,0,0.76,1,7.90128,7.90034
0.92,1,0.77,0,7.8456,7.84519
1.03,0,0.67,0,8.0938,8.09191
1.02,1,0.68,1,8.11196,8.12192
1.01,0,0.69,0,8.10552,8.10757
1,1,0.7,1,8.10661,8.11829
0.99,0,0.71,0,8.08167,8.09055
0.98,1,0.72,1,8.07088,8.0806
0.97,0,0.73,0,8.0303,8.04079
0.96,1,0.74,1,8.00895,8.01232
0.95,0,0.75,0,7.95506,7.96063
0.94,1,0.76,1,7.92113,7.91913
0.92,1,0.78,1,7.80824,7.80794
1.04,1,0.67,0,8.08361,8.08587
1.03,0,0.68,1,8.09775,8.0995
1.02,1,0.69,0,8.10189,8.1076
1.01,0,0.7,1,8.09788,8.10571
1,1,0.71,0,8.08466,8.09414
0.99,0,0.72,1,8.06607,8.07756
0.98,1,0.73,0,8.03979,8.04817
0.97,0,0.74,1,8.00811,8.01628
0.96,1,0.75,0,7.96941,7.97321
0.95,0,0.76,1,7.9242,7.92691
0.94,1,0.77,0,7.87349,7.87506
0.93,0,0.78,1,7.81662,7.8172
0.92,1,0.79,0,7.75411,7.76057
1.04,1,0.68,1,8.09041,8.09876
1.03,0,0.69,0,8.09104,8.09056
1.02,1,0.7,1,8.09743,8.10833
1.01,0,0.71,0,8.07823,8.08567
1,1,0.72,1,8.07174,8.08305
0.99,0,0.73,0,8.03771,8.04821
0.98,1,0.74,1,8.02017,8.02622
0.97,0,0.75,0,7.97167,7.97962
0.96,1,0.76,1,7.94216,7.94289
0.95,0,0.77,0,7.88026,7.88494
0.94,1,0.78,1,7.83925,7.83959
0.93,0,0.79,0,7.76616,7.77138
0.92,1,0.8,1,7.71359,7.72264
1.04,1,0.69,0,8.08446,8.08864
1.03,0,0.7,1,8.08743,8.09231
1.02,1,0.71,0,8.07903,8.08782
1.01,0,0.72,1,8.06602,8.07682
1,1,0.73,0,8.04406,8.05382
0.99,0,0.74,1,8.01833,8.02783
0.98,1,0.75,0,7.98391,7.98985
0.97,0,0.76,1,7.94403,7.94917
0.96,1,0.77,0,7.89807,7.90101
0.95,0,0.78,1,7.84542,7.84788
0.94,1,0.79,0,7.78824,7.79379
1.05,0,0.69,0,8.07064,8.06904
1.04,1,0.7,1,8.08385,8.09361
1.03,0,0.71,0,8.07145,8.07623
1.02,1,0.72,1,8.06853,8.08084
1.01,0,0.73,0,8.04045,8.05086
1,1,0.74,1,8.02726,8.03562
0.99,0,0.75,0,7.98509,7.99395
0.98,1,0.76,1,7.95946,7.96248
0.97,0,0.77,0,7.90248,7.9094
0.96,1,0.78,1,7.86612,7.86756
0.94,1,0.8,1,7.74978,7.75719
1.06,1,0.69,0,8.06177,8.06473
1.05,0,0.7,1,8.07092,8.07428
1.04,1,0.71,0,8.06914,8.07689
1.03,0,0.72,1,8.06076,8.07132
1.02,1,0.73,0,8.04445,8.05491
1.01,0,0.74,1,8.02411,8.03462
1,1,0.75,0,7.99482,8.00208
0.99,0,0.76,1,7.96073,7.96704
0.98,1,0.77,0,7.91791,7.92294
0.97,0,0.78,1,7.86955,7.87474
0.96,1,0.79,0,7.8176,7.82355
0.95,0,0.8,1,7.75923,7.7652
1.07,0,0.69,0,8.04512,8.04289
1.06,1,0.7,1,8.06409,8.07407
1.05,0,0.71,0,8.05902,8.06235
1.04,1,0.72,1,8.06136,8.07403
1.03,0,0.73,0,8.03867,8.04892
1.02,1,0.74,1,8.03011,8.04055
1.01,0,0.75,0,7.99397,8.00368
1,1,0.76,1,7.97268,7.97787
0.99,0,0.77,0,7.92153,7.9296
0.98,1,0.78,1,7.88899,7.89175
0.97,0,0.79,0,7.82538,7.83258
0.96,1,0.8,1,7.78266,7.78843
0.95,0,0.81,0,7.70795,7.71947
1.07,0,0.7,1,8.04997,8.05161
1.06,1,0.71,0,8.05345,8.06133
1.05,0,0.72,1,8.05184,8.06121
1.04,1,0.73,0,8.04083,8.05152
1.03,0,0.74,1,8.02503,8.03675
1.02,1,0.75,0,8.00122,8.00995
1.01,0,0.76,1,7.97244,7.9805
1,1,0.77,0,7.93463,7.94081
0.99,0,0.78,1,7.89249,7.8977
0.98,1,0.79,0,7.84386,7.84972
0.97,0,0.8,1,7.78993,7.79554
0.96,1,0.81,0,7.73217,7.74281
1.08,1,0.7,1,8.04284,8.04955
1.07,0,0.71,0,8.04205,8.04408
1.06,1,0.72,1,8.04944,8.06264
1.04,1,0.74,1,8.02926,8.04106
1.03,0,0.75,0,7.99816,8.0089
1.02,1,0.76,1,7.98191,7.98909
1.01,0,0.77,0,7.93655,7.94552
1,1,0.78,1,7.90825,7.9121
0.99,0,0.79,0,7.8494,7.85749
0.98,1,0.8,1,7.81136,7.81627
0.96,1,0.82,1,7.69083,7.70717
1.08,1,0.71,0,8.03507,8.04104
1.07,0,0.72,1,8.03855,8.04656
1.06,1,0.73,0,8.03358,8.04369
1.05,0,0.74,1,8.02328,8.03433
1.04,1,0.75,0,8.00377,8.01353
1.03,0,0.76,1,7.97948,7.98958
1.02,1,0.77,0,7.94752,7.95461
1.01,0,0.78,1,7.91068,7.91668
1,1,0.79,0,7.86564,7.8722
0.99,0,0.8,1,7.81624,7.82241
0.98,1,0.81,0,7.76349,7.77228
0.97,0,0.82,1,7.70147,7.7136
1.09,0,0.71,0,8.02204,8.02133
1.08,1,0.72,1,8.03493,8.04662
1.07,0,0.73,0,8.02588,8.03178
1.06,1,0.74,1,8.02544,8.0372
1.05,0,0.75,0,7.99999,8.00973
1.04,1,0.76,1,7.98742,7.99616
1.03,0,0.77,0,7.94763,7.95721
1.02,1,0.78,1,7.92361,7.92862
1.01,0,0.79,0,7.87032,7.87854
1,1,0.8,1,7.83611,7.84061
0.99,0,0.81,0,7.77141,7.78
0.98,1,0.82,1,7.7257,7.73787
1.1,1,0.71,0,8.01193,8.01582
1.09,0,0.72,1,8.022,8.02739
1.08,1,0.73,0,8.0234,8.03142
1.07,0,0.74,1,8.01795,8.02743
1.06,1,0.75,0,8.00414,8.01285
1.05,0,0.76,1,7.98343,7.9943
1.04,1,0.77,0,7.95652,7.96438
1.03,0,0.78,1,7.92413,7.93167
1.02,1,0.79,0,7.88383,7.89097
1.01,0,0.8,1,7.83968,7.84573
1,1,0.81,0,7.79192,7.79843
0.99,0,0.82,1,7.73411,7.74344
1.1,1,0.72,1,8.01484,8.02584
1.09,0,0.73,0,8.01263,8.01674
1.08,1,0.74,1,8.01831,8.02897
1.07,0,0.75,0,7.99862,8.00626
1.06,1,0.76,1,7.98973,7.9991
1.05,0,0.77,0,7.95489,7.9647
1.04,1,0.78,1,7.93475,7.9413
1.03,0,0.79,0,7.88723,7.8957
1.02,1,0.8,1,7.85697,7.86144
1.01,0,0.81,0,7.79636,7.80507
1,1,0.82,1,7.75633,7.76539
1.12,1,0.71,0,7.98481,7.98537
1.11,0,0.72,1,8.00003,8.00361
1.1,1,0.73,0,8.00673,8.01464
1.09,0,0.74,1,8.00832,8.01612
1.08,1,0.75,0,8.00101,8.00795
1.07,0,0.76,1,7.98501,7.99471
1.06,1,0.77,0,7.96182,7.97013
1.05,0,0.78,1,7.93334,7.94264
1.04,1,0.79,0,7.89856,7.906
1.03,0,0.8,1,7.85939,7.86547
1.02,1,0.81,0,7.81567,7.8212
1.01,0,0.82,1,7.76215,7.77008
1.12,1,0.72,1,7.99072,8.00011
1.11,0,0.73,0,7.99375,7.99737
1.1,1,0.74,1,8.00508,8.01632
1.09,0,0.75,0,7.99275,7.9986
1.08,1,0.76,1,7.98868,7.99792
1.07,0,0.77,0,7.9592,7.96807
1.06,1,0.78,1,7.94257,7.95014
1.05,0,0.79,0,7.90019,7.90899
1.04,1,0.8,1,7.87437,7.87874
1.03,0,0.81,0,7.81867,7.82664
1.02,1,0.82,1,7.78272,7.78967
1.01,0,0.83,0,7.71263,7.72729
1.13,0,0.72,1,7.97397,7.97506
1.12,1,0.73,0,7.98636,7.99317
1.11,0,0.74,1,7.99291,8.00041
1.1,1,0.75,0,7.99101,7.99882
1.09,0,0.76,1,7.9813,7.99086
1.08,1,0.77,0,7.96372,7.9719
1.07,0,0.78,1,7.93978,7.9496
1.06,1,0.79,0,7.90944,7.91732
1.05,0,0.8,1,7.87454,7.88159
1.04,1,0.81,0,7.83558,7.84055
1.03,0,0.82,1,7.78693,7.79349
1.14,1,0.72,1,7.9643,7.96912
1.13,0,0.73,0,7.97184,7.97354
1.12,1,0.74,1,7.9886,7.99915
1.11,0,0.75,0,7.98127,7.98676
1.1,1,0.76,1,7.98283,7.99262
1.09,0,0.77,0,7.95805,7.96737
1.08,1,0.78,1,7.94681,7.95516
1.07,0,0.79,0,7.90954,7.91842
1.06,1,0.8,1,7.88826,7.89252
1.05,0,0.81,0,7.83753,7.84469
1.04,1,0.82,1,7.80535,7.8107
1.03,0,0.83,0,7.73912,7.7523
1.02,1,0.84,1,7.69595,7.71503
1.14,1,0.73,0,7.96321,7.96679
1.13,0,0.74,1,7.97512,7.98025
1.12,1,0.75,0,7.97795,7.98539
1.11,0,0.76,1,7.97378,7.98278
1.1,1,0.77,0,7.96067,7.9697
1.09,0,0.78,1,7.94117,7.95256
1.08,1,0.79,0,7.91743,7.92493
1.07,0,0.8,1,7.88699,7.89407
1.06,1,0.81,0,7.85246,7.8565
1.05,0,0.82,1,7.8084,7.81366
1.04,1,0.83,0,7.75821,7.77008
1.03,0,0.84,1,7.70476,7.7179
1.15,0,0.73,0,7.94632,7.94504
1.14,1,0.74,1,7.96905,7.97728
1.13,0,0.75,0,7.96675,7.97073
1.12,1,0.76,1,7.97386,7.98314
1.11,0,0.77,0,7.95485,7.96264
1.1,1,0.78,1,7.9479,7.95636
1.09,0,0.79,0,7.91475,7.92403
1.08,1,0.8,1,7.89905,7.90279
1.07,0,0.81,0,7.85305,7.85923
1.06,1,0.82,1,7.82484,7.82849
1.05,0,0.83,0,7.76419,7.77412
1.04,1,0.84,1,7.72465,7.73907
1.15,0,0.74,1,7.95345,7.95552
1.14,1,0.75,0,7.96181,7.96753
1.13,0,0.76,1,7.963,7.97046
1.12,1,0.77,0,7.95602,7.9635
1.11,0,0.78,1,7.9414,7.95152
1.1,1,0.79,0,7.92199,7.92884
1.09,0,0.8,1,7.89692,7.90291
1.08,1,0.81,0,7.86627,7.86903
1.07,0,0.82,1,7.8263,7.83056
1.06,1,0.83,0,7.781,7.78978
1.05,0,0.84,1,7.73113,7.74118
1.16,1,0.74,1,7.94757,7.95047
1.15,0,0.75,0,7.95005,7.95043
1.14,1,0.76,1,7.9621,7.96939
1.13,0,0.77,0,7.9477,7.95392
1.12,1,0.78,1,7.94649,7.95371
1.11,0,0.79,0,7.91883,7.92584
1.1,1,0.8,1,7.90702,7.90955
1.09,0,0.81,0,7.86606,7.87026
1.08,1,0.82,1,7.84113,7.84306
1.07,0,0.83,0,7.78534,7.79275
1.06,1,0.84,1,7.74946,7.76009
1.17,0,0.74,1,7.93144,7.92598
1.16,1,0.75,0,7.94396,7.94504
1.15,0,0.76,1,7.95057,7.95387
1.14,1,0.77,0,7.94811,7.95324
1.13,0,0.78,1,7.93873,7.94648
1.12,1,0.79,0,7.92468,7.92904
1.11,0,0.8,1,7.9038,7.90807
1.1,1,0.81,0,7.87714,7.87816
1.09,0,0.82,1,7.84136,7.84419
1.08,1,0.83,0,7.80066,7.80634
1.07,0,0.84,1,7.75379,7.7615
1.06,1,0.85,0,7.70292,7.71903
1.17,0,0.75,0,7.93024,7.92568
1.16,1,0.76,1,7.94852,7.95121
1.15,0,0.77,0,7.939,7.94118
1.14,1,0.78,1,7.94249,7.94715
1.13,0,0.79,0,7.9201,7.92387
1.12,1,0.8,1,7.91207,7.91278
1.11,0,0.81,0,7.87602,7.87779
1.1,1,0.82,1,7.85467,7.85441
1.09,0,0.83,0,7.80361,7.80821
1.08,1,0.84,1,7.77107,7.77812
1.07,0,0.85,0,7.70973,7.72118
1.18,1,0.75,0,7.92394,7.91763
1.17,0,0.76,1,7.93627,7.93288
1.16,1,0.77,0,7.93813,7.9388
1.15,0,0.78,1,7.93379,7.93742
1.14,1,0.79,0,7.92416,7.92552
1.13,0,0.8,1,7.90797,7.90953
1.12,1,0.81,0,7.88534,7.88388
1.11,0,0.82,1,7.85392,7.85451
1.1,1,0.83,0,7.81717,7.81978
1.09,0,0.84,1,7.77395,7.77888
1.08,1,0.85,0,7.72711,7.73884
1.07,0,0.86,1,7.67585,7.689
1.18,1,0.76,1,7.93202,7.92839
1.17,0,0.77,0,7.92849,7.92434
1.16,1,0.78,1,7.93594,7.93659
1.15,0,0.79,0,7.91877,7.91811
1.14,1,0.8,1,7.9146,7.91246
1.13,0,0.81,0,7.88352,7.88183
1.12,1,0.82,1,7.86542,7.86256
1.11,0,0.83,0,7.81922,7.8205
1.1,1,0.84,1,7.78929,7.7932
1.09,0,0.85,0,7.73225,7.74013
1.08,1,0.86,1,7.695,7.70979
1.19,0,0.76,1,7.91774,7.90732
1.18,1,0.77,0,7.92491,7.92001
1.17,0,0.78,1,7.92655,7.92427
1.16,1,0.79,0,7.92138,7.9182
1.15,0,0.8,1,7.9094,7.90728
1.14,1,0.81,0,7.89073,7.88619
1.13,0,0.82,1,7.86391,7.86151
1.12,1,0.83,0,7.83076,7.83011
1.11,0,0.84,1,7.79101,7.7933
1.1,1,0.85,0,7.74809,7.75578
1.09,0,0.86,1,7.70038,7.70926
1.2,1,0.76,1,7.91223,7.90063
1.19,0,0.77,0,7.91415,7.90326
1.18,1,0.78,1,7.92653,7.92189
1.17,0,0.79,0,7.91486,7.90853
1.16,1,0.8,1,7.91437,7.90853
1.15,0,0.81,0,7.88829,7.88235
1.14,1,0.82,1,7.87334,7.86749
1.13,0,0.83,0,7.8319,7.82961
1.12,1,0.84,1,7.80477,7.80534
1.11,0,0.85,0,7.75201,7.75622
1.1,1,0.86,1,7.71799,7.72786
1.2,1,0.77,0,7.909,7.89664
1.19,0,0.78,1,7.91597,7.90694
1.18,1,0.79,0,7.91565,7.90697
1.17,0,0.8,1,7.90864,7.90126
1.16,1,0.81,0,7.89351,7.88505
1.15,0,0.82,1,7.87128,7.86515
1.14,1,0.83,0,7.84163,7.83733
1.13,0,0.84,1,7.80553,7.80477
1.12,1,0.85,0,7.76602,7.76985
1.11,0,0.86,1,7.72212,7.72684
1.1,1,0.87,0,7.67376,7.68795
1.2,1,0.78,1,7.91415,7.90284
1.19,0,0.79,0,7.90857,7.89506
1.18,1,0.8,1,7.91155,7.90088
1.17,0,0.81,0,7.8903,7.87934
1.16,1,0.82,1,7.87897,7.86916
1.15,0,0.83,0,7.84119,7.83554
1.14,1,0.84,1,7.81756,7.81455
1.13,0,0.85,0,7.76937,7.76944
1.12,1,0.86,1,7.73772,7.74321
1.11,0,0.87,0,7.6792,7.68712
1.22,1,0.77,0,7.89121,7.86836
1.21,0,0.78,1,7.9023,7.88526
1.2,1,0.79,0,7.90694,7.89168
1.19,0,0.8,1,7.90528,7.89139
1.18,1,0.81,0,7.89388,7.88039
1.17,0,0.82,1,7.87574,7.86537
1.16,1,0.83,0,7.84952,7.84142
1.15,0,0.84,1,7.8175,7.81324
1.14,1,0.85,0,7.78149,7.78109
1.13,0,0.86,1,7.74075,7.74177
1.12,1,0.87,0,7.69526,7.70506
1.22,1,0.78,1,7.8992,7.87919
1.21,0,0.79,0,7.89849,7.87756
1.2,1,0.8,1,7.9059,7.88938
1.19,0,0.81,0,7.8897,7.87274
1.18,1,0.82,1,7.88181,7.86752
1.17,0,0.83,0,7.8485,7.83826
1.16,1,0.84,1,7.82744,7.82083
1.15,0,0.85,0,7.78376,7.77981
1.14,1,0.86,1,7.75493,7.75587
1.13,0,0.87,0,7.70033,7.70357
1.23,0,0.78,1,7.88583,7.85902
1.22,1,0.79,0,7.89517,7.87211
1.21,0,0.8,1,7.89756,7.87757
1.2,1,0.81,0,7.89127,7.87211
1.19,0,0.82,1,7.87788,7.8621
1.18,1,0.83,0,7.85481,7.84235
1.17,0,0.84,1,7.82656,7.81868
1.16,1,0.85,0,7.79415,7.78949
1.15,0,0.86,1,7.75684,7.75404
1.14,1,0.87,0,7.71484,7.71953
1.13,0,0.88,1,7.66941,7.67475
1.24,1,0.78,1,7.88156,7.85063
1.23,0,0.79,0,7.88591,7.85586
1.22,1,0.8,1,7.89685,7.87386
1.21,0,0.81,0,7.88622,7.86248
1.2,1,0.82,1,7.88215,7.86247
1.19,0,0.83,0,7.85254,7.83773
1.18,1,0.84,1,7.83481,7.82416
1.17,0,0.85,0,7.79454,7.7873
1.16,1,0.86,1,7.7693,7.76585
1.15,0,0.87,0,7.71904,7.71745
1.14,1,0.88,1,7.68557,7.69335
1.24,1,0.79,0,7.88086,7.84798
1.23,0,0.8,1,7.88748,7.85965
1.22,1,0.81,0,7.88605,7.86006
1.21,0,0.82,1,7.8774,7.85528
1.2,1,0.83,0,7.85747,7.84004
1.19,0,0.84,1,7.83286,7.82102
1.18,1,0.85,0,7.80365,7.79504
1.17,0,0.86,1,7.77019,7.76364
1.16,1,0.87,0,7.73171,7.73142
1.15,0,0.88,1,7.6895,7.68993
1.24,1,0.8,1,7.88554,7.85406
1.23,0,0.81,0,7.88002,7.84843
1.22,1,0.82,1,7.87993,7.85388
1.21,0,0.83,0,7.85422,7.83387
1.2,1,0.84,1,7.83908,7.82446
1.19,0,0.85,0,7.80355,7.79189
1.18,1,0.86,1,7.78057,7.77318
1.17,0,0.87,0,7.73469,7.72876
1.16,1,0.88,1,7.70414,7.7063
1.25,0,0.8,1,7.87473,7.83741
1.24,1,0.81,0,7.87839,7.84405
1.23,0,0.82,1,7.87433,7.84476
1.22,1,0.83,0,7.85732,7.83441
1.21,0,0.84,1,7.83622,7.8202
1.2,1,0.85,0,7.81021,7.79772
1.19,0,0.86,1,7.78072,7.77052
1.18,1,0.87,0,7.74569,7.74072
1.17,0,0.88,1,7.707,7.70272
1.16,1,0.89,0,7.66285,7.6691
1.26,1,0.8,1,7.86917,7.82971
1.25,0,0.81,0,7.87172,7.83042
1.24,1,0.82,1,7.87536,7.84158
1.23,0,0.83,0,7.85332,7.82661
1.22,1,0.84,1,7.8406,7.82167
1.21,0,0.85,0,7.80884,7.79352
1.2,1,0.86,1,7.78904,7.77783
1.19,0,0.87,0,7.74694,7.73749
1.18,1,0.88,1,7.7198,7.71681
1.17,0,0.89,0,7.66788,7.66488
1.27,0,0.8,1,7.84861,7.81062
1.26,1,0.81,0,7.8668,7.82382
1.25,0,0.82,1,7.86987,7.8304
1.24,1,0.83,0,7.85451,7.82532
1.23,0,0.84,1,7.83667,7.81611
1.22,1,0.85,0,7.81396,7.79745
1.21,0,0.86,1,7.788,7.77463
1.2,1,0.87,0,7.75625,7.74743
1.19,0,0.88,1,7.7216,7.71313
1.18,1,0.89,0,7.6811,7.68141
1.28,1,0.8,1,7.83419,7.80046
1.27,0,0.81,0,7.84718,7.80823
1.26,1,0.82,1,7.86745,7.82535
1.25,0,0.83,0,7.84985,7.81582
1.24,1,0.84,1,7.83936,7.81565
1.23,0,0.85,0,7.81156,7.79212
1.22,1,0.86,1,7.79427,7.77975
1.21,0,0.87,0,7.7569,7.74361
1.2,1,0.88,1,7.73202,7.72491
1.19,0,0.89,0,7.68486,7.67685
1.18,1,0.9,1,7.65259,7.65692
1.28,1,0.81,0,7.8334,7.79908
1.27,0,0.82,1,7.84865,7.81201
1.26,1,0.83,0,7.84799,7.81258
1.25,0,0.84,1,7.83519,7.80862
1.24,1,0.85,0,7.81478,7.79415
1.23,0,0.86,1,7.79217,7.7759
1.22,1,0.87,0,7.76369,7.75154
1.21,0,0.88,1,7.73302,7.72111
1.2,1,0.89,0,7.69585,7.69136
1.29,0,0.81,0,7.81359,7.78158
1.28,1,0.82,1,7.83597,7.80492
1.27,0,0.83,0,7.83254,7.80133
1.26,1,0.84,1,7.83435,7.80625
1.25,0,0.85,0,7.81166,7.78759
1.24,1,0.86,1,7.79667,7.77886
1.23,0,0.87,0,7.76307,7.74708
1.22,1,0.88,1,7.74137,7.73057
1.21,0,0.89,0,7.6979,7.68652
1.2,1,0.9,1,7.66908,7.66774
1.3,1,0.81,0,7.79979,7.76946
1.29,0,0.82,1,7.81701,7.78934
1.28,1,0.83,0,7.81977,7.79597
1.27,0,0.84,1,7.81878,7.79759
1.26,1,0.85,0,7.81135,7.7877
1.25,0,0.86,1,7.79394,7.7742
1.24,1,0.87,0,7.76836,7.75298
1.23,0,0.88,1,7.74109,7.72664
1.22,1,0.89,0,7.70719,7.69896
1.21,0,0.9,1,7.67169,7.66212
1.3,1,0.82,1,7.80432,7.77998
1.29,0,0.83,0,7.80331,7.78293
1.28,1,0.84,1,7.81024,7.79326
1.27,0,0.85,0,7.79834,7.77981
1.26,1,0.86,1,7.7948,7.77506
1.25,0,0.87,0,7.76685,7.74781
1.24,1,0.88,1,7.74751,7.73378
1.23,0,0.89,0,7.70855,7.69386
1.22,1,0.9,1,7.68206,7.67636
1.21,0,0.91,0,7.63364,7.6245
1.32,1,0.81,0,7.76543,7.73454
1.31,0,0.82,1,7.78517,7.76211
1.3,1,0.83,0,7.79102,7.7752
1.29,0,0.84,1,7.79402,7.78281
1.28,1,0.85,0,7.79,7.77792
1.27,0,0.86,1,7.78218,7.76943
1.26,1,0.87,0,7.76845,7.75169
1.25,0,0.88,1,7.74647,7.72962
1.24,1,0.89,0,7.71553,7.70421
1.23,0,0.9,1,7.68385,7.6709
1.22,1,0.91,0,7.64476,7.64175
1.32,1,0.82,1,7.77239,7.75017
1.31,0,0.83,0,7.7735,7.76038
1.3,1,0.84,1,7.78512,7.77643
1.29,0,0.85,0,7.77637,7.76862
1.28,1,0.86,1,7.7771,7.76821
1.27,0,0.87,0,7.75774,7.74571
1.26,1,0.88,1,7.74917,7.73447
1.25,0,0.89,0,7.71584,7.69883
1.24,1,0.9,1,7.69232,7.68278
1.23,0,0.91,0,7.64758,7.63484
1.33,0,0.82,1,7.75274,7.72994
1.32,1,0.83,0,7.76172,7.74996
1.31,0,0.84,1,7.76818,7.76407
1.3,1,0.85,0,7.76786,7.7646
1.29,0,0.86,1,7.76381,7.76142
1.28,1,0.87,0,7.75326,7.74753
1.27,0,0.88,1,7.73932,7.72996
1.26,1,0.89,0,7.71941,7.70706
1.25,0,0.9,1,7.69303,7.6775
1.24,1,0.91,0,7.6571,7.65001
1.23,0,0.92,1,7.62062,7.61102
1.33,0,0.83,0,7.7435,7.73336
1.32,1,0.84,1,7.75882,7.75547
1.31,0,0.85,0,7.753,7.75381
1.3,1,0.86,1,7.75866,7.7581
1.29,0,0.87,0,7.74245,7.74065
1.28,1,0.88,1,7.73735,7.73255
1.27,0,0.89,0,7.71126,7.70136
1.26,1,0.9,1,7.69766,7.68699
1.25,0,0.91,0,7.65931,7.6431
1.24,1,0.92,1,7.63131,7.62788
1.34,1,0.83,0,7.73185,7.71985
1.33,0,0.84,1,7.74136,7.74108
1.32,1,0.85,0,7.74462,7.74749
1.31,0,0.86,1,7.7444,7.74997
1.3,1,0.87,0,7.73777,7.74037
1.29,0,0.88,1,7.72691,7.72754
1.28,1,0.89,0,7.71034,7.70743
1.27,0,0.9,1,7.69059,7.68186
1.26,1,0.91,0,7.66458,7.65613
1.35,0,0.83,0,7.71283,7.70146
1.34,1,0.84,1,7.73153,7.73005
1.33,0,0.85,0,7.72913,7.73515
1.32,1,0.86,1,7.73875,7.74452
1.31,0,0.87,0,7.72672,7.73247
1.3,1,0.88,1,7.725,7.72787
1.29,0,0.89,0,7.70218,7.70135
1.28,1,0.9,1,7.6916,7.68894
1.27,0,0.91,0,7.65904,7.64926
1.26,1,0.92,1,7.64072,7.63483
1.35,0,0.84,1,7.71333,7.71351
1.34,1,0.85,0,7.7202,7.72629
1.33,0,0.86,1,7.72378,7.73488
1.32,1,0.87,0,7.72117,7.73001
1.31,0,0.88,1,7.71405,7.72221
1.3,1,0.89,0,7.70055,7.70525
1.29,0,0.9,1,7.68372,7.68388
1.28,1,0.91,0,7.66157,7.6601
1.27,0,0.92,1,7.63633,7.62772
1.26,1,0.93,0,7.60458,7.60094
1.36,1,0.84,1,7.70322,7.69978
1.35,0,0.85,0,7.7037,7.71234
1.34,1,0.86,1,7.71725,7.72719
1.33,0,0.87,0,7.70974,7.72098
1.32,1,0.88,1,7.7117,7.72029
1.31,0,0.89,0,7.69235,7.69868
1.3,1,0.9,1,7.68459,7.68855
1.37,0,0.84,1,7.68448,7.68099
1.36,1,0.85,0,7.69448,7.70065
1.35,0,0.86,1,7.70139,7.71587
1.34,1,0.87,0,7.70326,7.71622
1.33,0,0.88,1,7.70114,7.71377
1.32,1,0.89,0,7.69054,7.70036
1.31,0,0.9,1,7.67606,7.68344
1.3,1,0.91,0,7.65697,7.66185
1.29,0,0.92,1,7.63468,7.63312
1.38,1,0.84,1,7.67401,7.66422
1.37,0,0.85,0,7.67739,7.68505
1.36,1,0.86,1,7.6945,7.70579
1.35,0,0.87,0,7.69095,7.70595
1.34,1,0.88,1,7.69669,7.70958
1.33,0,0.89,0,7.6828,7.69319
1.32,1,0.9,1,7.67666,7.68571
1.3,1,0.92,1,7.63776,7.64271
1.38,1,0.85,0,7.66806,7.67017
1.37,0,0.86,1,7.67817,7.69264
1.36,1,0.87,0,7.68366,7.6987
1.35,0,0.88,1,7.68531,7.70201
1.34,1,0.89,0,7.67914,7.6926
1.33,0,0.9,1,7.66864,7.68042
1.32,1,0.91,0,7.65197,7.6613
1.31,0,0.92,1,7.63269,7.63647
1.39,0,0.85,0,7.65073,7.65286
1.38,1,0.86,1,7.67075,7.67996
1.37,0,0.87,0,7.67037,7.68711
1.36,1,0.88,1,7.67992,7.69548
1.35,0,0.89,0,7.67014,7.68471
1.34,1,0.9,1,7.66772,7.68028
1.33,0,0.91,0,7.64696,7.65436
1.32,1,0.92,1,7.63517,7.64355
1.39,0,0.86,1,7.65436,7.66485
1.38,1,0.87,0,7.66294,7.67715
1.37,0,0.88,1,7.66759,7.68668
1.36,1,0.89,0,7.66569,7.68174
1.35,0,0.9,1,7.65922,7.67462
1.34,1,0.91,0,7.64672,7.65834
1.33,0,0.92,1,7.62974,7.63766
1.32,1,0.93,0,7.60756,7.61538
1.4,1,0.86,1,7.64641,7.64933
1.39,0,0.87,0,7.64838,7.66415
1.38,1,0.88,1,7.66196,7.67772
1.37,0,0.89,0,7.65566,7.67301
1.36,1,0.9,1,7.65712,7.67205
1.35,0,0.91,0,7.64111,7.65122
1.34,1,0.92,1,7.63192,7.64222
1.41,0,0.86,1,7.63005,7.63207
1.4,1,0.87,0,7.64072,7.65121
1.39,0,0.88,1,7.6483,7.66749
1.38,1,0.89,0,7.65071,7.66754
1.37,0,0.9,1,7.64746,7.66583
1.36,1,0.91,0,7.63949,7.65281
1.35,0,0.92,1,7.62629,7.63657
1.34,1,0.93,0,7.60735,7.61617
1.42,1,0.86,1,7.62164,7.61341
1.41,0,0.87,0,7.62637,7.6367
1.4,1,0.88,1,7.64243,7.65594
1.39,0,0.89,0,7.6392,7.65784
1.38,1,0.9,1,7.64508,7.66081
1.37,0,0.91,0,7.63221,7.64541
1.36,1,0.92,1,7.62747,7.63858
1.35,0,0.93,0,7.60485,7.60824
1.34,1,0.94,1,7.59049,7.598
1.43,0,0.86,1,7.60562,7.59372
1.42,1,0.87,0,7.61834,7.62046
1.41,0,0.88,1,7.62849,7.6441
1.4,1,0.89,0,7.63324,7.6497
1.39,0,0.9,1,7.63465,7.65383
1.38,1,0.91,0,7.62987,7.64453
1.37,0,0.92,1,7.62072,7.63302
1.36,1,0.93,0,7.60609,7.61481
1.35,0,0.94,1,7.58688,7.59075
1.34,1,0.95,0,7.5627,7.56848
1.43,0,0.87,0,7.6037,7.6043
1.42,1,0.88,1,7.62191,7.6298
1.41,0,0.89,0,7.62146,7.6389
1.4,1,0.9,1,7.631,7.64627
1.39,0,0.91,0,7.62189,7.6367
1.38,1,0.92,1,7.62092,7.63246
1.37,0,0.93,0,7.60178,7.60709
1.36,1,0.94,1,7.59099,7.59787
1.44,1,0.87,0,7.5945,7.5844
1.43,0,0.88,1,7.60784,7.61616
1.42,1,0.89,0,7.61508,7.62788
1.41,0,0.9,1,7.62012,7.63832
1.4,1,0.91,0,7.61843,7.63326
1.39,0,0.92,1,7.61339,7.62683
1.38,1,0.93,0,7.60213,7.61118
1.37,0,0.94,1,7.58712,7.59122
1.45,0,0.87,0,7.57935,7.56631
1.44,1,0.88,1,7.60001,7.59888
1.43,0,0.89,0,7.60242,7.61586
1.42,1,0.9,1,7.61503,7.62813
1.41,0,0.91,0,7.60951,7.62485
1.4,1,0.92,1,7.6119,7.62367
1.38,1,0.94,1,7.58897,7.5957
1.46,1,0.87,0,7.56924,7.54235
1.45,0,0.88,1,7.58556,7.5832
1.44,1,0.89,0,7.59519,7.60171
1.43,0,0.9,1,7.60289,7.61899
1.42,1,0.91,0,7.60487,7.61872
1.41,0,0.92,1,7.60396,7.61776
1.4,1,0.93,0,7.59618,7.6051
1.39,0,0.94,1,7.5838,7.58955
1.37,0,0.96,1,7.546,7.54325
1.46,1,0.88,1,7.57654,7.5627
1.45,0,0.89,0,7.58213,7.58832
1.44,1,0.9,1,7.59686,7.60604
1.43,0,0.91,0,7.59468,7.60959
1.42,1,0.92,1,7.60072,7.61196
1.41,0,0.93,0,7.58964,7.59748
1.4,1,0.94,1,7.58461,7.59135
1.38,1,0.96,1,7.55068,7.55314
1.46,1,0.89,0,7.5735,7.57076
1.45,0,0.9,1,7.58438,7.59552
1.44,1,0.91,0,7.58841,7.6006
1.43,0,0.92,1,7.59091,7.60555
1.42,1,0.93,0,7.58706,7.59636
1.41,0,0.94,1,7.57888,7.58556
1.4,1,0.95,0,7.56515,7.56822
1.47,0,0.89,0,7.55924,7.5558
1.46,1,0.9,1,7.57697,7.57964
1.45,0,0.91,0,7.57756,7.5906
1.44,1,0.92,1,7.58648,7.59702
1.43,0,0.93,0,7.57921,7.58858
1.42,1,0.94,1,7.57792,7.58463
1.4,1,0.96,1,7.5503,7.55215
1.47,0,0.9,1,7.56344,7.56749
1.46,1,0.91,0,7.57038,7.57856
1.45,0,0.92,1,7.5761,7.5899
1.44,1,0.93,0,7.57499,7.58471
1.43,0,0.94,1,7.57076,7.57902
1.41,0,0.96,1,7.54662,7.54482
1.39,0,0.98,1,7.50335,7.4957
1.47,0,0.91,0,7.55834,7.56754
1.46,1,0.92,1,7.57013,7.57855
1.45,0,0.93,0,7.56622,7.57663
1.44,1,0.94,1,7.56836,7.57533
1.43,0,0.95,0,7.55558,7.55592
1.42,1,0.96,1,7.548,7.54923
1.47,0,0.92,1,7.55856,7.57049
1.46,1,0.93,0,7.56057,7.56988
1.45,0,0.94,1,7.56032,7.56971
1.44,1,0.95,0,7.55369,7.55741
1.43,0,0.96,1,7.54307,7.54264
1.48,1,0.92,1,7.55177,7.55619
1.47,0,0.93,0,7.55017,7.56132
1.46,1,0.94,1,7.55604,7.56319
1.45,0,0.95,0,7.54701,7.54959
1.44,1,0.96,1,7.54286,7.54424
1.42,1,0.98,1,7.51023,7.50838
1.48,1,0.93,0,7.54427,7.55152
1.47,0,0.94,1,7.54644,7.55732
1.46,1,0.95,0,7.54328,7.54826
1.45,0,0.96,1,7.53685,7.53824
1.49,0,0.93,0,7.5334,7.54232
1.48,1,0.94,1,7.54133,7.54789
1.47,0,0.95,0,7.53499,7.54055
1.46,1,0.96,1,7.5345,7.53698
1.44,1,0.98,1,7.5091,7.50662
1.49,0,0.94,1,7.53101,7.54156
1.48,1,0.95,0,7.53017,7.53628
1.47,0,0.96,1,7.52693,7.5314
1.46,1,0.97,0,7.5175,7.51698
1.5,1,0.94,1,7.52482,7.52912
1.49,0,0.95,0,7.52131,7.5285
1.48,1,0.96,1,7.52395,7.52722
1.47,0,0.97,0,7.51148,7.5085
1.46,1,0.98,1,7.50514,7.50304
1.51,0,0.94,1,7.51328,7.52209
1.5,1,0.95,0,7.5153,7.52118
1.49,0,0.96,1,7.51577,7.52185
1.48,1,0.97,0,7.50927,7.50996
1.47,0,0.98,1,7.49966,7.49604
1.52,1,0.94,1,7.50654,7.50651
1.5,1,0.96,1,7.51147,7.51467
1.49,0,0.97,0,7.5028,7.50196
1.48,1,0.98,1,7.49912,7.49747
1.46,1,1,1,7.46797,7.46395
1.51,0,0.96,1,7.50193,7.50931
1.5,1,0.97,0,7.49894,7.50043
1.49,0,0.98,1,7.49329,7.49127
1.48,1,0.99,0,7.4801,7.47563
1.52,1,0.96,1,7.49673,7.49903
1.5,1,0.98,1,7.49104,7.48971
1.48,1,1,1,7.46594,7.46151
1.53,0,0.96,1,7.48555,7.49343
1.52,1,0.97,0,7.48604,7.48814
1.51,0,0.98,1,7.48339,7.48414
1.49,0,1,1,7.46186,7.45303
1.54,1,0.96,1,7.47894,7.47996
1.53,0,0.97,0,7.47597,7.48063
1.52,1,0.98,1,7.47996,7.47951
1.5,1,1,1,7.46209,7.45733
1.55,0,0.96,1,7.46672,7.47389
1.54,1,0.97,0,7.46926,7.47277
1.53,0,0.98,1,7.4705,7.47436
1.52,1,0.99,0,7.46588,7.46293
1.51,0,1,1,7.45702,7.44997
1.5,1,1.01,0,7.4419,7.43388
1.54,1,0.98,1,7.46535,7.46657
1.53,0,0.99,0,7.45724,7.45475
1.52,1,1,1,7.45604,7.45123
1.5,1,1.02,1,7.4258,7.4201
1.55,0,0.98,1,7.45483,7.46164
1.54,1,0.99,0,7.45289,7.45304
1.53,0,1,1,7.44847,7.44485
1.51,0,1.02,1,7.42247,7.4098
1.56,1,0.98,1,7.44922,7.45059
1.55,0,0.99,0,7.44359,7.4454
1.54,1,1,1,7.44479,7.443
1.52,1,1.02,1,7.42359,7.41704
1.56,1,0.99,0,7.43782,7.44044
1.55,0,1,1,7.43589,7.43742
1.54,1,1.01,0,7.42873,7.42437
1.53,0,1.02,1,7.41796,7.40809
1.52,1,1.03,0,7.40258,7.39217
1.56,1,1,1,7.43178,7.43237
1.54,1,1.02,1,7.41655,7.41231
1.53,0,1.03,0,7.39816,7.37898
1.52,1,1.04,1,7.38543,7.37918
1.57,0,1,1,7.42219,7.4274
1.56,1,1.01,0,7.41758,7.41652
1.55,0,1.02,1,7.40966,7.40461
1.53,0,1.04,1,7.3817,7.36685
1.57,0,1.01,0,7.40968,7.40816
1.54,1,1.04,1,7.38254,7.37701
1.57,0,1.02,1,7.39997,7.39914
1.54,1,1.05,0,7.36036,7.35092
1.54,1,1.06,1,7.34256,7.33906
1.57,0,1.04,1,7.37138,7.36404
1.55,0,1.06,1,7.33977,7.32459
1.56,1,1.06,1,7.34119,7.3376
1.56,1,1.08,1,7.29838,7.29999
1.57,0,1.08,1,7.29625,7.28339
1.58,1,1.08,1,7.29827,7.29908
1.59,0,1.1,1,7.25015,7.24351
1.6,1,1.1,1,7.25378,7.26168
